Distance,Count
66.9,230
57.94,1593
30.65,6487
20.7,4738
29.51,2500
44.57,6265
48.07,5485
49.4,4896
43.79,4477
13.28,1778
49.58,3857
19.08,2012
18.59,2521
15.69,3370
29.05,3548
42.75,5150
58.17,2301
32.54,5662
20.89,3574
55.51,2367
45.34,4396
46.77,4996
42.55,4727
45.46,4439
54.09,2862
45.77,7930
68.93,9
29.54,5847
33.28,6889
32.58,5340
40.27,6977
50.42,4261
42.26,4642
53.8,3365
17.96,2654
61.77,978
66.22,315
47.68,4683
59.0,1737
32.65,4018
30.59,5460
63.19,887
5.36,129
59.17,1887
61.12,1271
64.02,809
43.86,8208
31.42,5681
55.39,2464
21.69,3837
25.5,3126
46.08,5013
39.57,5082
8.17,1009
52.24,4273
53.23,3451
57.16,2275
60.27,1846
64.32,653
62.34,1052
14.17,1158
15.93,3044
63.16,811
30.13,5660
14.81,3645
31.02,6303
65.07,490
62.52,1303
69.8,7
28.9,9066
35.65,6865
20.13,3105
19.74,2136
63.14,955
55.73,2528
14.45,834
32.6,6083
21.86,4663
69.7,3
48.06,4902
67.95,78
61.95,1370
57.07,2352
27.87,4669
3.91,574
35.66,6855
27.2,6607
10.36,1422
14.92,4480
51.62,3775
56.28,2743
17.1,1655
17.02,3511
9.57,965
21.44,2083
18.94,3241
12.07,452
38.73,6778
24.41,4870
11.84,1834
23.44,3924
60.71,1598
63.55,743
29.99,5732
68.43,47
34.39,6206
22.46,3355
11.99,2254
47.47,5207
64.79,445
48.05,5286
46.34,4693
32.52,4422
69.01,20
11.1,1027
47.83,4359
45.45,4608
69.1,17
64.52,536
17.93,4741
10.73,2458
60.14,1431
41.71,4062
28.12,3515
66.73,200
36.95,6057
53.08,4029
50.38,3948
42.41,5193
38.56,5903
61.01,1453
37.13,8121
59.87,1645
53.21,4666
51.88,3056
62.61,1018
8.78,488
52.61,4277
62.28,1078
68.96,34
26.49,4175
27.92,7546
31.07,4544
45.59,5473
17.57,3632
29.44,7066
14.34,858
27.19,6726
29.58,5763
56.84,2701
7.42,2534
41.01,6736
57.21,2334
66.17,260
23.53,5182
65.36,392
8.75,1262
37.67,5473
53.79,3318
55.72,2886
66.32,251
68.27,61
49.03,3417
13.06,216
18.89,1851
51.44,4259
48.42,7007
31.77,6201
22.34,3447
37.87,6395
41.08,4968
58.26,2391
66.83,208
16.65,3555
45.33,4190
7.34,1540
16.47,2386
60.08,1681
15.45,1522
13.86,842
6.98,516
40.13,4555
42.77,4983
36.88,9126
4.82,562
54.12,3017
13.77,3436
33.71,7537
54.52,3581
43.75,4425
4.76,548
51.74,4385
51.64,3550
38.24,5897
58.38,1802
67.32,153
28.37,6699
68.86,35
67.06,165
12.48,985
12.49,329
41.42,7783
63.22,797
22.12,4253
27.47,4403
22.94,4427
54.65,3428
43.7,4860
6.28,522
40.53,6428
9.19,480
5.72,546
67.12,164
55.16,2917
45.41,6052
56.94,2726
36.1,3352
67.39,118
17.41,286
53.46,3210
64.6,499
58.74,1423
58.91,2259
65.04,466
9.17,478
24.68,4804
47.4,5270
58.86,1725
37.94,6493
46.13,4819
13.58,1500
13.6,2498
35.39,7171
23.11,4893
2.38,580
35.25,3833
19.52,3144
42.81,6422
41.12,6730
29.85,7056
64.86,562
36.68,5669
13.95,2769
15.32,3684
30.11,5490
39.05,4521
16.41,3588
21.13,6596
16.45,4253
41.64,5120
56.88,2613
56.95,2102
65.74,308
35.32,4761
16.21,2216
62.54,1023
24.8,4171
57.31,3550
53.04,3100
43.5,5545
10.77,468
20.05,2939
32.96,4434
54.97,3111
26.31,9257
3.85,562
13.23,2844
14.87,1561
9.31,1689
24.61,5442
64.31,681
64.49,449
21.89,4783
58.83,1958
46.91,3880
34.91,5134
39.03,5065
61.88,977
68.65,39
37.01,5630
11.3,1839
47.25,4485
64.83,568
24.46,3454
67.61,123
11.13,2796
62.26,871
61.68,1126
30.69,6493
33.34,11632
22.97,3035
7.41,519
48.55,4218
46.59,5540
50.09,3771
60.85,1441
67.63,100
10.44,3080
38.72,5177
49.77,4075
9.11,478
45.49,6234
65.09,526
34.43,12319
46.01,5314
48.56,4372
23.4,3689
8.36,1249
37.02,6604
22.37,2472
39.96,5365
56.41,3043
69.91,1
36.09,6358
39.44,7025
34.57,6251
48.57,4354
10.58,940
41.62,5587
63.8,794
65.69,394
54.58,3769
65.1,470
23.6,3082
53.75,3005
41.33,5340
45.97,5565
26.63,7908
36.27,5245
25.9,4503
12.4,898
9.56,963
51.24,4206
34.88,6674
59.13,1764
68.22,65
53.09,3591
68.42,57
32.95,7089
52.78,3965
53.15,4182
53.86,3451
64.45,428
21.31,2866
14.33,2568
53.17,3697
61.94,1018
67.86,82
43.14,6289
28.88,3698
59.82,1926
34.02,6605
20.78,2767
47.39,4816
58.07,2206
55.87,2668
23.2,6681
42.72,5901
64.17,560
42.94,5686
7.02,1012
16.32,2172
41.87,4312
5.35,941
30.84,5417
48.31,4519
10.78,474
21.05,2736
9.18,494
64.33,570
53.54,3373
10.97,2331
28.07,2446
55.85,2587
38.98,5428
2.97,572
28.05,4141
21.14,1104
66.69,232
3.3,582
20.07,2733
25.71,2868
6.09,1060
27.8,5869
62.88,905
4.31,548
37.83,6615
28.77,4848
56.36,3058
51.89,3152
62.49,924
62.57,990
32.37,5051
31.76,3892
31.83,4416
22.02,4706
34.86,4325
57.4,2378
65.52,410
9.4,492
36.72,6490
56.21,3077
20.28,4318
13.35,2602
33.82,4233
23.26,4945
37.48,5527
16.55,3682
63.67,732
6.77,1548
42.63,5863
42.8,4752
67.0,164
61.47,1194
27.54,4784
55.58,3069
26.33,4568
16.1,2399
18.41,3916
7.8,512
13.85,2169
5.41,540
58.11,1888
64.08,828
67.38,145
26.47,3037
31.05,5805
62.12,1323
34.87,4702
63.84,655
30.77,3269
50.85,3530
7.67,996
8.32,1643
27.1,2847
66.64,214
49.48,3511
33.74,5089
35.52,5690
66.63,234
34.79,5324
21.52,1964
49.19,3997
22.15,4724
28.92,9938
11.14,1875
8.48,986
4.09,1094
16.6,2420
33.07,6744
48.64,4819
24.11,4081
12.79,681
35.09,4756
66.97,194
57.44,2350
46.87,4472
65.18,463
56.51,2940
14.52,3681
16.77,4137
48.65,3917
27.68,7082
37.11,8951
53.02,3780
23.45,4492
3.35,563
25.66,2045
14.95,4265
63.35,942
18.95,4386
39.91,3515
34.54,9497
35.19,4428
45.18,5119
37.85,4723
50.14,3371
44.9,4981
40.68,5549
19.05,3413
55.48,2818
68.91,31
8.89,490
56.9,2465
21.83,5319
19.86,3482
41.65,4508
28.75,3787
24.18,5155
52.2,4916
20.8,1992
35.68,4369
35.78,7821
60.05,1715
16.14,1104
12.6,1334
52.53,3785
26.69,5433
40.95,5715
44.35,4308
59.59,2302
61.28,1366
47.46,4770
16.17,3833
37.31,5584
66.13,328
45.67,4627
25.78,2959
28.29,5162
9.7,1904
4.58,1104
61.6,1102
35.2,6781
24.2,4864
11.64,2298
22.23,6657
23.5,6067
30.51,7537
62.31,1030
61.2,1578
13.88,3093
8.02,1002
16.83,1953
60.35,1776
50.04,3688
62.4,959
35.14,7659
25.77,4121
46.56,6148
68.38,58
64.06,530
60.21,1560
16.58,3194
66.5,298
6.66,524
50.91,4736
36.03,5281
44.06,5119
21.36,4880
13.98,2364
10.13,963
17.25,3285
24.53,5132
45.16,5694
49.49,4632
42.03,4987
43.29,7166
39.37,6375
64.56,495
46.33,5024
61.86,1147
45.69,3835
17.12,5250
13.19,1098
41.16,8300
48.15,5326
48.16,5394
15.38,1648
24.13,4257
4.14,562
17.58,2123
31.37,3971
56.59,2202
58.62,2859
59.94,1609
36.11,5446
37.82,5022
3.73,556
39.31,8286
7.28,2164
25.17,4183
22.4,2819
69.02,16
36.3,7510
39.78,9061
52.67,3837
42.36,4917
62.6,1173
12.03,2826
46.94,4866
27.33,6257
19.68,3801
68.18,83
27.04,4031
12.2,1375
42.35,5405
46.42,5156
4.74,546
49.38,5007
13.15,3427
42.38,4159
10.82,2326
22.87,2676
39.74,5767
10.85,2352
14.72,2126
43.24,5358
60.61,1543
65.76,364
18.32,3724
15.46,1536
17.82,2099
48.48,4164
49.53,3692
29.48,6099
31.47,4976
64.66,587
48.51,3803
10.03,1997
69.66,5
32.99,7090
62.16,1511
48.53,4690
11.71,1370
34.69,5296
22.29,2112
47.36,5902
61.42,1343
65.93,355
8.54,1000
17.67,947
5.44,548
55.92,2769
63.7,675
19.26,2429
51.07,3865
59.46,2102
36.87,4989
66.71,198
33.51,7044
14.69,3235
3.13,1116
69.09,18
10.92,1856
54.74,3133
59.93,1288
69.61,7
57.87,2209
29.96,5833
17.55,4318
56.53,2433
28.49,7135
31.87,6002
42.2,7277
8.66,496
26.13,3684
61.63,1281
19.42,4273
45.73,4379
11.53,3007
14.06,4698
11.89,1382
35.37,5569
50.74,3393
50.31,4097
7.21,516
66.26,316
9.77,1422
66.58,202
18.06,3780
17.6,3993
56.13,3320
60.88,1176
8.63,988
23.39,5060
29.45,7940
47.56,4880
15.31,208
27.85,3472
60.23,1504
9.0,976
30.82,6736
26.44,5181
60.28,1762
63.47,894
67.8,107
15.3,2527
63.51,689
51.35,4721
33.59,6235
55.27,2452
57.92,2071
60.18,2081
18.58,4095
37.97,5611
48.38,4294
11.05,1987
23.97,6774
12.74,2233
13.89,2279
51.05,3994
33.37,5851
41.49,6114
32.46,5209
21.78,4722
23.18,6080
32.31,7214
24.36,3964
68.37,62
15.19,3068
39.77,4914
62.59,1217
69.48,8
59.6,1528
22.54,5679
17.21,2241
65.44,434
14.7,1446
49.5,4714
4.83,566
32.57,6834
35.5,6209
69.59,4
59.57,1877
34.94,7122
62.71,1132
35.84,3674
46.19,4703
37.28,5586
16.29,1699
2.84,554
25.42,6003
19.28,4017
63.42,945
48.08,4317
14.62,1173
55.63,2807
6.33,532
28.41,6491
25.69,4113
37.41,5945
43.65,3622
9.9,954
20.33,2272
45.17,4225
49.97,3483
12.39,1358
18.31,11612
33.86,7512
53.67,3235
59.47,2162
25.32,4645
26.7,5747
18.92,3384
44.26,5927
13.39,2193
20.19,3895
49.88,5085
57.3,2524
63.29,914
69.47,2
34.0,5782
65.29,388
38.75,6904
11.65,2776
35.55,5731
38.39,7148
27.17,6022
58.18,2024
28.35,5267
13.01,1106
6.38,520
36.65,4894
13.48,2179
68.02,90
30.92,4536
64.01,589
34.71,5207
56.31,2651
33.35,4862
21.43,2827
47.38,5998
54.7,3675
65.62,387
59.39,1821
45.35,4501
12.67,2677
32.55,5237
42.04,7376
20.14,2812
28.54,3751
60.12,1685
37.08,6353
35.38,4636
65.24,442
47.0,4794
18.11,1896
24.45,4807
26.88,4188
28.81,4043
33.6,5857
21.53,4734
39.66,5437
20.65,3891
30.47,4764
7.04,1017
56.15,3156
39.14,4970
43.9,6464
50.03,4024
64.88,631
42.82,5275
24.7,4520
45.52,5844
60.38,1785
46.49,5321
2.39,1164
34.75,4997
24.29,7256
65.95,361
69.95,1
31.52,5613
46.25,5509
64.61,575
27.66,4732
39.64,4252
68.26,66
66.68,338
48.87,4619
40.77,4016
55.84,2726
10.27,1428
49.39,6642
49.69,4968
50.89,4135
67.4,154
17.61,3460
57.36,2670
43.62,4413
28.65,5553
14.66,3548
14.65,1075
2.37,1178
37.63,5952
41.47,5809
42.56,4571
55.78,2251
34.41,4602
65.16,516
2.68,435
6.56,1038
24.33,4161
68.92,27
49.3,4403
20.11,5280
62.64,1048
8.46,1002
11.43,706
32.98,7384
66.07,361
26.07,6542
32.62,4493
12.5,1705
44.43,4736
42.58,4504
42.66,5142
58.01,2481
34.22,4894
54.24,3710
53.73,3338
62.84,760
62.82,946
43.23,5667
22.58,2988
8.33,1140
60.9,1588
35.29,4524
51.15,4250
64.55,496
25.14,3849
33.11,4057
45.05,5868
26.66,6134
33.58,7708
49.21,4277
49.99,4345
21.02,2473
26.18,4398
21.93,2753
51.81,3904
69.69,4
13.96,2275
28.78,7286
6.05,803
31.86,6401
4.34,538
43.07,3648
47.96,4642
69.13,12
16.04,607
41.63,6354
10.95,1415
7.09,2051
40.19,5740
24.32,4442
50.92,4524
12.21,3180
69.08,16
27.26,5578
53.96,3429
30.62,5579
11.6,2529
60.79,1324
33.0,5554
25.51,4237
28.83,5699
19.72,2333
56.92,2324
15.36,810
11.57,1021
61.16,1298
40.14,6584
30.66,5622
54.18,3474
41.98,5277
15.58,1813
37.8,5433
5.57,1494
65.92,334
26.67,7313
39.18,8195
50.95,3560
26.46,6795
68.97,22
16.92,3587
34.05,4522
51.16,4520
58.99,2010
57.82,2456
40.48,6855
47.19,3813
19.63,1796
59.61,2084
52.73,3920
52.55,3082
9.69,738
3.71,290
19.41,2542
64.11,496
50.25,3553
15.92,1348
22.49,3838
39.53,4965
42.65,5793
23.28,5379
24.59,4896
47.23,5058
68.15,77
57.78,2140
56.2,2554
25.58,5146
58.63,1955
35.05,5738
23.34,4093
22.27,5056
43.43,5579
67.97,87
31.08,5071
45.36,5267
53.98,2888
54.35,3970
59.19,2066
3.81,294
54.61,3114
37.49,5966
56.39,2429
58.37,1934
68.81,27
37.92,5176
24.76,4161
48.68,4474
28.64,5106
15.72,2355
26.12,6223
9.1,1458
12.38,1682
18.02,2934
54.77,2379
40.71,5168
7.88,1018
63.26,741
21.57,2612
55.96,2768
69.83,5
4.96,528
43.13,5119
67.14,165
23.04,3708
15.94,3409
55.3,2559
32.22,7817
36.07,5971
6.03,528
31.67,5276
58.41,1926
25.39,5616
4.62,552
55.47,3223
10.31,464
13.12,1744
24.9,3249
35.97,5809
63.28,1167
61.82,1078
47.24,4889
25.96,3149
46.07,7021
61.24,1498
6.39,536
39.95,6426
52.59,3122
43.44,5728
7.13,398
68.8,30
7.19,508
6.06,546
37.35,5906
32.74,5794
64.38,572
50.34,3410
23.29,3145
20.46,3216
6.8,520
12.22,2697
13.78,2156
50.83,3805
62.8,1080
29.07,5048
43.28,5052
54.53,2846
15.64,3067
14.49,1887
56.78,2332
12.8,2900
41.13,4444
47.88,3825
50.51,4249
35.53,9242
57.63,2289
66.89,186
19.2,2282
62.01,1163
38.92,6024
44.17,5372
47.58,4014
14.31,2467
49.78,7123
12.13,2721
25.44,5140
51.56,4235
49.76,3039
68.56,58
17.05,3760
31.23,4544
69.07,18
61.21,1501
28.89,4775
16.96,2722
64.91,458
33.31,5521
27.18,5028
47.27,4638
61.43,1179
49.04,5670
54.25,3458
39.63,4217
39.46,7320
31.71,6547
14.19,2818
57.38,2299
43.05,5844
55.24,3100
44.53,6893
29.75,4941
55.33,2998
68.51,47
37.4,4635
52.39,4065
58.87,1549
9.66,2197
13.1,870
27.6,5458
41.96,5551
41.97,6546
38.2,4455
24.0,6667
51.2,3688
54.59,2971
64.53,638
10.06,1441
39.08,5019
26.82,4569
44.22,4534
35.7,4797
63.48,799
27.57,5209
40.97,4768
50.94,3640
60.69,1366
41.26,5413
66.72,178
10.34,1898
44.16,9028
42.53,4955
57.03,2880
50.84,4644
3.46,558
54.84,4615
69.24,6
67.64,113
64.67,649
51.52,3827
4.61,538
41.76,5043
40.42,7042
41.68,6242
55.25,3400
29.81,5314
44.28,5962
46.98,4814
50.73,3941
44.08,6130
25.07,5127
37.66,7619
13.22,1656
10.4,1432
68.71,48
16.82,2858
17.88,2112
13.54,13783
47.74,4201
69.29,12
41.82,4423
56.1,2715
65.97,426
19.99,3975
39.69,6110
56.19,2685
31.58,6835
52.9,3837
63.38,786
19.12,1723
53.3,3548
13.72,1617
24.77,4267
41.11,5501
52.74,2871
69.44,6
22.22,4463
27.02,3947
37.33,7432
61.22,1562
10.16,369
11.09,464
18.23,3313
27.51,4461
54.41,3030
52.18,4413
61.06,1300
19.81,3200
23.52,5954
51.96,3194
56.73,2276
13.71,1958
65.28,460
9.28,238
56.96,2615
50.44,4337
59.86,2284
67.3,182
33.15,4640
37.68,5003
16.94,4290
21.62,1250
61.72,1515
13.33,3723
30.48,5614
17.52,1559
63.52,741
25.56,4655
68.62,38
57.23,2012
38.16,6081
14.42,1716
18.45,1686
38.7,5011
34.45,5992
62.93,951
50.36,3899
58.95,1948
17.73,2859
51.37,3238
37.03,6829
13.31,3498
63.05,871
28.79,4722
43.06,5323
41.51,5934
66.93,202
67.36,174
41.89,5179
8.49,1982
44.09,4713
55.19,3188
58.25,1980
60.3,1731
67.92,84
51.93,2764
27.94,4362
57.39,2757
68.24,72
21.9,4238
35.58,7620
57.46,2752
46.22,4298
64.13,702
41.6,5415
31.04,6237
46.66,5643
55.41,3007
52.76,3419
52.19,2700
16.44,2481
14.27,2992
11.95,2494
58.82,2072
5.01,552
15.88,1509
27.23,7041
53.76,3257
52.43,4379
53.72,3445
51.76,2445
39.68,8411
62.38,908
51.5,4213
36.59,5967
60.07,1581
12.12,2019
12.1,1477
55.46,2746
66.11,350
12.06,2266
57.89,1952
66.05,270
39.85,5497
42.33,5096
58.9,2330
55.45,3003
60.1,1369
16.16,778
53.49,3025
66.24,303
45.3,5785
6.61,512
69.03,14
54.76,2903
42.18,5936
59.12,1575
35.44,6597
44.76,5890
45.56,3317
14.43,2527
9.75,466
40.64,4801
17.84,3543
23.05,5796
44.8,5982
65.72,384
9.98,1449
41.48,5596
44.51,4529
31.48,6201
10.3,1441
65.5,383
57.65,2539
66.41,255
19.98,3832
68.21,73
19.47,2895
42.39,5500
47.82,3656
49.47,3916
68.34,46
19.88,4177
19.67,2779
7.31,3066
22.07,4140
28.6,5115
32.78,5495
9.52,1474
53.29,3077
47.3,3222
38.13,4368
51.38,3295
13.92,4562
59.83,2005
32.13,6125
55.49,3278
14.78,2749
64.71,625
34.61,7735
24.22,2453
38.23,6080
52.09,3304
59.51,1699
39.5,6043
44.89,4330
59.21,1930
53.78,3502
20.82,2644
14.53,4336
31.16,5483
31.96,4928
55.53,3210
33.23,4327
47.78,5583
19.69,1795
50.07,4034
36.06,4639
59.78,1505
10.11,2037
54.8,3457
33.36,7187
32.04,4569
57.5,2462
32.66,4210
65.79,351
27.14,6132
18.24,3672
24.97,5733
36.38,7190
50.75,4366
66.87,237
31.28,6323
12.89,1995
25.55,5155
33.03,4161
58.68,2251
29.2,7156
20.91,5007
43.98,5236
10.53,829
21.67,2938
46.51,4373
60.64,1248
25.74,3799
45.07,5235
33.13,5698
44.4,5108
5.22,1206
30.85,4201
57.35,2494
11.5,690
44.47,4907
68.35,40
34.93,6383
57.72,2370
19.55,2789
53.03,3321
25.05,3490
62.17,997
45.75,4413
5.02,546
7.71,1520
45.37,4291
40.05,3708
55.36,2925
66.92,207
36.56,6652
31.24,12453
47.16,6345
49.31,3747
4.73,538
45.32,8508
32.56,5845
52.72,3803
21.18,4875
45.48,5463
15.16,1648
33.54,6141
15.77,3405
8.87,492
55.44,2797
66.15,355
10.2,1894
52.7,3069
12.32,2491
19.38,1847
65.61,457
63.69,858
52.49,2765
69.85,1
30.99,7449
36.61,10290
63.27,722
58.27,2241
61.31,1350
53.47,3289
38.22,6826
10.61,3292
50.52,4407
49.41,4240
61.45,1183
53.85,3217
57.19,2480
67.88,87
20.08,1868
48.37,4596
18.52,3318
9.6,2805
66.99,223
43.6,5558
55.7,3171
64.05,596
28.76,6257
49.36,3839
14.97,1970
44.82,4926
55.82,2666
56.93,1956
23.17,5664
52.58,3380
62.58,1055
61.25,1233
69.88,1
44.36,6090
17.32,3652
25.65,4855
39.39,6576
59.37,1741
6.45,533
6.91,520
18.19,1696
3.93,572
69.6,6
58.23,1685
8.08,502
40.8,4451
18.29,4608
39.34,5151
30.63,6320
59.25,1574
55.32,3020
46.1,4357
63.31,850
56.98,2228
58.36,2783
11.85,906
17.95,2846
40.9,5423
5.3,533
7.4,1024
39.2,6810
44.13,6908
33.29,4968
18.18,1874
24.79,2706
36.64,6180
3.95,1132
33.38,6408
38.15,7920
57.43,2403
35.85,5984
25.3,6372
32.77,4710
51.83,4013
45.64,4167
38.27,5597
49.81,3918
54.14,5039
22.57,3890
27.48,4318
26.78,6485
18.86,2132
30.8,5014
32.11,4801
59.38,1745
26.85,10705
69.42,2
61.49,1084
33.08,7064
44.34,4969
21.59,1338
13.03,2878
38.77,6221
42.09,5362
49.02,4306
62.04,954
67.72,85
55.22,2723
26.83,5328
41.7,5774
7.35,1535
38.43,6078
26.26,5500
39.71,6627
41.4,6439
30.35,4664
40.7,6016
20.66,4336
52.37,3784
55.99,2501
33.53,4877
27.55,10459
52.28,3624
32.44,5328
37.84,6469
12.55,1557
25.46,3039
52.88,3040
51.22,4945
38.69,9042
44.79,4150
2.93,296
50.01,6096
12.57,1354
38.48,5435
21.12,3831
7.64,1509
26.17,5709
42.84,5756
19.4,3427
32.3,3480
48.88,3900
36.89,6567
20.29,4953
32.14,7897
24.35,4126
60.41,1604
7.85,1256
7.78,505
38.62,5611
59.68,1967
44.69,5238
51.08,3604
28.96,5986
57.48,2201
8.83,486
51.82,3133
45.23,5582
59.16,1724
20.53,4491
41.14,5552
25.2,4177
60.4,1620
12.9,3057
51.39,3650
27.96,6144
63.01,859
14.46,2989
35.54,7788
40.1,6204
11.59,2511
19.83,5354
62.06,1144
22.64,3428
62.95,882
68.54,36
14.98,3441
51.3,4066
3.63,578
20.51,4559
5.58,648
25.11,4453
29.42,5459
31.43,4836
33.1,5228
38.0,5857
60.44,1182
48.97,4214
33.41,3521
69.76,4
19.04,1356
50.57,3932
30.95,4778
54.56,3325
35.64,6445
42.7,4516
65.42,366
64.77,590
51.19,3974
40.23,5432
11.12,2624
22.28,4254
46.4,5746
34.83,6746
53.5,3681
27.34,6045
45.74,5388
18.71,3492
23.9,5468
46.97,7158
60.68,1444
21.5,4042
40.55,7670
25.83,2773
28.25,5581
24.16,5361
26.35,4364
42.29,5739
16.66,3954
52.83,3970
52.95,3399
42.17,7506
50.35,4458
47.66,5467
15.15,3275
42.71,4716
17.75,3133
46.3,5537
21.51,2978
23.07,3534
35.62,3425
52.33,4209
15.26,2494
47.28,6056
11.91,2275
50.77,3717
16.01,4123
56.71,3219
19.23,4384
57.01,3572
19.82,2482
53.57,3458
62.15,1332
5.65,538
62.07,1073
18.28,2631
12.63,2444
25.85,2519
43.87,4804
4.78,562
12.69,1318
18.1,4320
26.04,5726
25.03,6397
49.23,4971
65.13,448
12.81,2226
65.87,390
1.97,570
21.66,3059
26.99,2322
28.15,7871
56.55,2349
18.56,4029
66.49,290
31.63,3989
59.8,1335
14.58,2520
20.79,4750
56.54,2798
4.39,564
41.2,5543
15.63,2864
46.63,5760
58.75,1928
58.73,1856
64.69,683
35.45,4660
46.0,5169
13.52,4072
35.59,5723
49.93,4548
51.04,4602
42.76,6276
38.68,4885
16.74,6090
53.83,3317
43.81,4784
22.26,4550
42.92,5754
21.94,5879
18.91,4402
54.81,2969
10.64,711
62.18,991
63.62,972
62.21,1265
68.12,106
13.73,864
55.61,3146
11.83,1840
26.36,5790
37.24,4286
62.14,942
67.85,78
11.54,1955
32.1,5331
56.76,2648
27.28,4968
67.01,174
32.59,8661
55.03,3697
8.43,488
59.29,1843
11.9,1352
40.0,5368
42.42,6525
14.51,3597
30.16,7552
45.79,5608
16.27,2792
68.85,17
57.74,2405
29.69,5332
61.5,1037
35.75,6199
8.04,258
24.39,3111
54.17,2625
40.28,5065
63.46,836
27.64,4137
11.4,2042
21.58,3251
11.49,107
33.17,6137
46.24,6947
37.23,3944
22.11,4072
23.67,4316
44.18,7299
42.88,5977
24.4,3636
22.96,2930
33.72,10180
57.17,2227
32.29,10930
58.33,2064
65.88,306
56.09,2312
10.5,2003
8.73,496
18.72,1858
27.89,4282
3.68,969
30.17,5175
48.41,5398
56.82,2441
24.91,11781
45.62,5311
15.56,2344
55.94,2374
12.97,438
52.21,3498
49.96,4685
56.44,2728
26.38,4218
10.24,1434
16.97,2771
18.2,1914
59.52,1703
14.63,3687
21.23,6963
10.38,932
28.59,4661
57.26,2733
40.79,9774
52.99,3692
43.2,6400
57.42,2558
59.3,2501
31.79,6887
67.58,88
18.64,3150
34.6,7342
69.43,6
66.66,198
52.32,3824
40.56,5112
48.9,4800
56.35,2739
40.22,4476
28.42,4852
41.23,6545
31.64,4679
47.07,5658
61.0,1296
11.31,924
55.26,2409
22.85,5134
23.72,3343
24.06,4310
69.65,14
46.28,5254
29.86,6282
59.4,1516
31.44,5016
37.32,6818
45.51,4536
61.65,1417
7.69,743
21.68,4059
51.59,4166
25.33,6968
17.33,3060
19.85,2206
8.14,996
26.34,5929
33.83,4443
43.35,6211
37.53,4838
9.05,373
58.78,2062
53.93,3195
42.11,5618
62.22,1234
47.64,4802
22.16,2159
64.24,657
46.35,7343
34.42,7309
64.99,554
18.4,2897
13.9,1826
42.96,5876
25.7,4612
42.98,6100
56.72,2835
46.7,6243
55.97,2334
68.44,49
20.23,3092
57.33,2587
64.59,680
26.48,5207
52.93,3435
67.98,73
41.84,4761
21.63,3447
15.22,1226
19.36,1746
66.23,278
50.7,4400
67.13,180
17.28,3691
32.03,6213
26.3,7158
35.74,4658
14.76,2101
8.47,1986
29.65,4167
10.09,2412
7.76,260
50.47,4116
52.0,3959
7.94,1011
58.05,1881
8.85,502
16.26,1194
12.26,450
34.51,6565
16.89,1788
4.19,554
19.56,4404
5.68,526
18.17,4722
13.97,3222
9.46,1932
41.55,5495
6.62,528
40.83,6636
10.0,1676
30.21,3387
47.01,5826
45.38,4588
9.51,1566
20.88,2841
48.84,4065
15.01,1668
58.1,2559
46.95,5223
47.32,4214
56.89,2040
24.62,3925
42.61,6528
47.69,3937
3.55,558
6.3,528
61.33,1224
23.56,1250
45.44,4698
50.18,5241
12.99,1102
67.37,158
51.09,3608
22.76,3651
20.93,2745
34.53,6709
34.26,5474
10.98,1385
16.34,2595
12.36,3139
39.36,9521
67.42,163
29.04,4900
18.7,3027
16.81,2268
56.04,3252
26.29,4634
26.41,4584
49.43,4256
57.28,1977
31.2,5341
64.21,670
38.9,5300
11.04,593
11.62,2270
13.51,2219
55.2,3167
28.61,2956
50.43,4159
21.55,2676
55.74,3455
68.39,42
27.79,6129
66.25,274
46.69,4998
34.48,6085
46.03,3690
31.81,5022
16.95,1968
56.14,2911
60.74,1432
63.88,591
29.89,4969
12.09,2290
60.09,1476
13.43,3175
58.0,2160
32.53,4828
43.68,5466
23.13,4743
32.92,6079
25.27,4477
39.1,5867
68.49,62
22.38,6446
69.52,18
19.07,2364
59.14,1816
63.81,689
14.6,742
35.15,5264
30.37,4826
32.36,5253
35.26,4805
60.25,1992
60.92,1352
51.71,3770
12.16,2351
28.93,3534
51.9,3547
68.5,47
40.12,6048
45.78,5120
43.84,4497
23.76,3954
44.98,4934
43.85,6399
62.41,1067
15.95,2809
17.08,3708
6.88,1034
51.06,4587
21.22,4523
56.06,2395
9.47,1454
10.54,1284
54.11,2957
60.52,1306
68.87,36
13.29,436
13.82,1722
57.51,2307
5.9,526
14.28,2738
22.32,4270
17.71,3665
69.49,5
29.8,10294
51.86,3903
53.87,3183
68.77,20
16.98,1856
19.25,2021
14.11,4490
34.19,6873
15.24,2100
21.06,4991
59.27,1962
58.48,1827
55.56,2834
69.28,10
29.11,4703
35.94,4701
6.76,2100
53.99,2737
14.14,2130
14.55,1990
24.69,3574
42.31,8222
67.76,100
21.24,5862
55.17,2761
24.01,4145
56.75,2416
41.27,4955
42.37,5331
43.99,5638
46.32,5349
24.86,4440
48.52,4517
20.4,3991
24.99,4824
29.61,4930
48.83,5592
59.76,1836
18.01,5698
15.85,3244
14.64,1674
53.12,4275
3.98,570
35.46,4703
17.39,2040
26.22,4858
11.76,900
63.6,825
66.52,269
24.55,3993
38.93,6522
15.83,2032
69.75,1
13.56,2698
45.83,4097
53.58,4386
17.56,3180
51.49,3871
56.42,3332
55.02,2956
18.09,3650
49.46,4433
6.23,540
48.03,6611
32.06,4489
15.29,313
55.52,3219
51.43,4033
62.23,1219
66.39,258
36.75,5555
18.82,4244
38.76,5214
25.08,3976
49.9,4558
31.59,5712
37.57,5601
14.48,2443
12.62,1800
57.58,2387
23.85,4806
59.49,1731
32.26,7194
17.5,4218
15.08,1224
30.05,6907
48.77,4372
20.72,3306
58.04,1966
18.42,3322
41.35,5614
48.81,4460
68.46,44
50.67,3212
20.64,4613
25.45,4367
53.07,4227
59.55,1720
25.73,4371
11.21,1825
44.44,6040
11.52,822
15.11,1447
18.33,1308
24.95,4268
65.19,513
18.25,2433
59.81,1918
21.8,3159
35.47,6354
50.64,4254
60.34,1374
51.03,3557
52.1,3891
51.1,5057
14.96,3784
13.59,648
30.72,5804
23.37,4084
31.69,5096
41.44,5949
8.4,1136
9.82,1562
38.42,6141
47.62,3833
26.03,5705
61.67,992
54.92,4221
33.46,5882
55.0,2586
30.09,5261
31.14,5301
4.43,1112
64.16,715
31.49,5582
61.92,1109
30.01,7261
15.12,1559
37.91,4964
27.03,5372
60.66,1514
12.18,895
52.27,3290
57.11,1795
31.35,4997
23.19,2642
7.63,500
57.32,2161
35.73,6111
38.46,5156
5.73,542
49.12,3413
34.95,6152
26.59,3179
11.94,1370
34.5,5068
66.28,285
6.6,1058
26.19,4817
13.93,1280
12.3,1334
33.4,8481
50.93,3697
65.15,487
42.3,5075
50.79,4106
7.81,506
21.74,4956
10.89,1890
40.98,6074
21.29,4498
26.2,8910
49.33,3974
38.87,7112
28.43,6259
30.38,5570
65.63,361
17.13,4072
64.87,661
10.91,3305
20.02,3152
44.56,4728
49.92,4280
55.88,2507
47.51,4338
58.71,1674
48.28,5516
57.69,2338
35.51,6018
36.81,4994
10.52,960
64.3,632
6.48,530
34.77,5436
52.98,4746
44.59,3297
40.2,5634
38.01,7610
65.71,395
68.73,34
42.47,4858
10.7,2344
4.7,544
50.3,4526
39.79,4889
52.94,2942
22.5,3827
45.65,4115
36.67,5499
19.78,3495
25.91,5580
35.06,5801
43.59,4953
51.26,3767
48.0,5203
21.04,4128
59.03,1749
49.25,3290
22.66,3076
62.37,1225
58.32,1897
16.8,2546
43.17,5748
18.3,3145
18.85,2508
50.6,4403
6.63,530
41.28,5090
48.22,4601
8.51,1491
11.27,1838
33.44,4443
34.47,5592
16.88,2729
36.91,6855
59.91,1327
46.21,5819
57.14,2487
58.15,2539
13.55,4083
26.57,3933
42.24,6894
63.17,866
26.6,5693
14.35,1696
58.96,2178
31.95,5485
32.39,4206
12.86,2206
49.71,3260
33.75,6266
68.78,30
4.4,544
59.9,1334
11.56,5963
46.9,5046
62.27,1005
8.05,257
13.36,1975
15.28,2686
24.94,5426
45.86,4817
17.69,2773
66.76,291
3.66,559
35.69,4304
43.22,5369
47.99,4096
38.34,5766
44.95,4642
44.33,4830
40.63,4972
30.43,5110
66.86,189
61.3,1550
17.77,1532
30.91,4166
21.45,3944
27.0,5253
20.73,4149
68.88,27
24.02,5103
8.27,1006
23.91,4711
20.0,3434
42.67,4885
65.81,281
44.84,5824
36.79,4950
40.09,6917
29.38,3310
34.63,5211
10.42,936
68.04,111
39.24,4900
53.31,3784
67.23,154
22.33,3011
44.54,4845
11.29,2056
52.34,3811
38.33,5362
48.94,4978
18.88,3960
33.5,6806
34.32,5318
39.42,5259
37.0,6985
66.48,314
29.66,3952
57.13,2402
56.67,2600
58.53,1586
9.06,114
17.48,1164
66.77,249
66.74,176
17.16,1570
29.41,8382
28.24,5075
18.36,4431
40.36,7276
63.54,670
67.33,184
40.07,5798
62.03,888
32.82,5763
42.14,5057
26.16,3467
12.28,2247
25.36,2681
47.02,4382
15.97,3220
12.56,3354
66.18,369
9.34,3375
31.68,4625
59.2,1634
67.46,144
28.2,6168
40.65,5255
9.86,966
44.46,6043
51.87,3260
58.69,1985
67.35,127
59.54,1368
38.02,6211
15.13,2370
35.81,5816
38.3,6012
40.85,5295
27.38,7351
9.59,1448
67.82,102
10.19,734
14.56,3893
23.61,4887
41.43,6352
64.04,730
69.51,8
34.28,6182
49.06,4723
43.54,6636
42.1,5083
25.68,3229
7.37,2314
20.31,3414
22.91,4663
38.05,5428
8.03,1016
35.79,7396
33.85,7556
40.49,5419
43.53,4980
13.67,1312
21.35,2721
33.97,6755
51.17,5406
16.9,3687
60.45,1334
15.53,2459
39.94,4526
43.47,3943
69.35,4
36.77,6395
59.43,1738
44.42,5693
64.46,586
40.31,5997
54.08,3165
36.14,5012
20.83,2246
18.5,2592
32.27,5713
47.86,4674
29.73,5519
68.23,71
29.15,5931
29.68,4713
46.27,5791
56.43,2647
38.8,5016
9.81,2028
58.55,2046
66.56,207
67.7,143
60.36,1776
17.98,4994
11.69,1397
32.2,6193
16.02,2730
41.91,6385
22.73,5472
40.44,6504
25.31,5335
42.97,6574
16.2,1619
9.84,2069
38.59,6283
19.64,4827
48.73,4761
53.84,3258
61.03,1223
38.44,6333
47.76,5633
30.27,4817
53.38,4480
58.93,2153
56.47,2420
55.14,2984
48.5,4480
30.52,4763
62.63,914
41.58,6461
51.13,4220
46.99,4375
21.47,4216
60.31,1554
59.08,1580
17.62,2196
65.58,358
61.52,1511
50.13,5184
4.67,562
50.59,3556
38.52,5776
19.54,1177
37.46,3405
5.38,534
21.3,5494
44.72,5883
29.12,4534
29.77,4723
45.88,5350
63.98,610
48.26,4215
41.0,9623
4.75,542
50.23,4956
38.1,6314
34.82,3730
15.73,2862
58.85,1890
61.38,1447
11.39,1607
37.18,7161
49.56,4288
66.08,343
19.49,1813
8.18,1006
69.63,5
25.98,5393
51.45,4593
26.53,3825
26.95,6135
40.37,7727
40.52,6794
55.68,2574
67.51,128
44.49,5289
49.16,3698
56.16,2874
16.84,1570
16.49,3680
52.54,3496
37.77,6894
46.84,4601
51.7,3232
45.94,3800
56.29,2804
58.79,1753
12.24,1206
52.35,2947
45.27,6181
46.45,5643
12.64,1786
34.25,7016
58.65,1869
61.13,1380
22.9,2604
41.67,5777
42.93,6417
10.87,470
54.66,2929
36.26,5408
21.19,4945
60.03,1767
25.72,3911
50.49,5369
34.73,6316
12.94,1342
50.29,4166
35.71,6023
52.71,3843
63.43,660
58.8,1806
24.71,2991
45.95,5094
37.5,6051
69.78,3
27.44,6413
45.0,4238
28.48,7362
11.51,1844
43.91,5850
11.22,1840
10.01,241
51.53,5145
60.37,1775
8.5,1505
47.11,4690
18.54,4348
14.8,2614
45.99,7007
25.8,2847
69.2,10
32.67,5183
49.2,3588
30.64,3762
64.82,528
19.43,4144
59.05,1934
32.12,9445
32.72,5059
7.9,260
54.26,3496
22.45,3396
15.5,2076
68.48,35
53.14,3221
20.59,1853
42.85,4811
46.02,5365
7.0,1021
22.6,3244
49.7,4039
58.56,2000
51.28,3892
60.83,1623
67.24,187
9.14,1450
38.25,9854
62.05,1021
53.82,3148
28.85,7506
21.75,2709
57.52,1951
58.34,2311
18.27,2333
63.94,644
41.24,5335
32.76,4860
23.82,4440
13.16,883
19.0,4924
39.86,6493
58.58,1831
18.08,3144
41.78,6411
48.24,4214
57.95,2433
16.46,705
61.93,982
52.08,3252
40.88,5350
18.34,2612
46.09,5603
44.07,6196
60.97,2002
30.15,6465
28.99,7364
55.12,2806
53.92,2664
57.97,2405
61.53,1093
56.81,2157
19.13,2369
68.2,74
47.52,4609
49.27,3251
32.51,5830
24.5,2615
34.33,4024
41.22,5314
16.73,3299
6.51,524
21.21,2805
65.45,404
40.6,7543
39.54,6365
31.9,4477
35.16,5965
43.31,4620
69.92,1
60.93,1652
42.74,5597
11.86,1824
16.86,3543
28.1,5618
66.1,339
49.83,4217
26.97,4743
10.37,1415
55.31,2247
54.72,3623
60.94,1747
25.04,5604
31.34,7785
30.0,4276
61.98,1050
30.31,5918
33.79,6707
19.76,3588
50.53,3961
37.64,5324
49.09,5278
42.05,6488
52.62,3974
18.49,4268
52.86,2954
6.82,524
23.75,4211
47.12,4718
18.76,2200
42.23,5208
35.96,6958
19.94,2322
67.77,133
25.4,4618
38.47,3553
46.74,4036
3.31,282
47.03,4836
51.75,4084
33.99,6857
60.53,1538
47.49,5146
38.5,4373
9.22,1488
38.35,7093
21.72,4054
15.6,2865
53.52,3177
67.91,85
25.06,4352
69.0,22
20.24,5706
17.06,3289
23.51,2001
11.47,1384
23.14,5392
37.25,6161
47.6,4546
56.11,2561
63.45,601
57.53,2536
65.82,386
34.98,6185
47.79,4973
63.04,943
42.78,6607
45.84,5397
14.08,1846
38.45,5235
25.02,5606
49.63,4116
29.91,5096
55.4,3046
26.79,4360
45.15,5622
20.41,5624
66.91,197
53.62,3728
60.2,1574
38.49,5659
32.45,4842
49.22,4317
8.67,741
21.39,4554
47.05,5038
40.35,5615
22.77,3840
68.58,45
30.29,4594
36.29,6229
34.44,6569
64.43,581
2.4,1154
22.08,5402
9.68,982
45.21,4830
8.98,1479
69.33,5
18.22,3283
45.1,5671
48.04,4012
2.92,296
66.75,223
12.58,1342
44.45,4757
38.95,6385
4.99,546
47.95,3463
5.27,550
16.06,2637
36.25,4559
27.13,6477
9.73,2388
35.27,5560
23.15,4450
56.18,2631
10.05,1426
37.76,6747
9.39,988
26.23,7198
5.97,1046
10.29,470
14.16,3915
58.98,2097
31.65,5901
17.35,3831
30.08,4192
38.08,5568
30.68,5577
28.16,5437
63.36,843
65.9,274
68.17,72
34.2,4461
49.57,4170
52.04,4181
37.59,6361
43.71,4580
56.17,2342
32.9,4012
62.81,952
50.9,3993
37.43,6262
14.91,1787
4.26,286
27.12,4551
37.89,3674
28.27,4955
3.92,576
21.32,4225
36.5,7852
20.9,2920
38.07,6128
52.51,3767
13.34,1300
50.82,4177
67.56,120
8.56,1504
23.63,3839
7.05,892
58.89,1843
18.98,3115
47.21,4373
16.28,2009
24.28,6737
68.76,28
61.58,1261
39.09,4962
37.14,4766
48.6,4370
68.95,12
57.81,1759
31.92,6293
16.39,4416
46.47,4443
36.19,5600
65.51,392
10.94,2350
3.67,138
68.63,39
33.62,4953
24.64,4075
29.32,5347
9.88,1440
39.45,4962
45.09,5098
41.9,6815
40.69,6584
59.75,2176
10.32,1053
25.86,3575
34.66,6346
66.51,232
9.43,1696
31.3,6320
26.81,4272
36.9,5928
55.08,2741
45.96,5410
15.17,844
16.25,1192
36.97,6854
44.78,6145
45.22,5485
51.58,3514
48.89,4385
34.62,7160
34.99,4538
7.7,1758
59.42,2066
65.41,380
61.55,1189
59.95,1454
62.92,802
65.99,299
52.96,3200
52.6,3487
62.33,1136
47.63,4029
64.81,673
30.67,4033
42.19,5872
15.99,4116
64.78,577
43.56,5091
13.25,1088
33.14,2908
24.92,5147
3.74,556
27.09,4110
23.43,4876
17.07,3086
32.43,3545
31.93,4020
11.87,1963
48.44,4248
17.8,3452
10.76,474
46.81,5737
65.53,404
11.35,1588
34.49,5006
13.04,441
46.78,5176
69.22,14
50.37,4752
26.58,5971
67.1,148
65.94,356
11.98,332
60.43,1401
52.29,3941
39.38,6506
21.82,3818
13.99,1797
21.73,2176
12.0,2262
24.81,4881
36.58,6420
66.29,278
33.77,7451
63.74,748
15.74,1626
29.09,6482
53.95,3316
67.93,72
68.64,47
18.69,1915
20.77,4203
27.62,5660
61.99,1083
3.25,1156
59.32,1804
42.08,5255
45.58,5265
26.84,5033
55.07,3057
8.06,490
59.84,1451
61.23,1295
63.33,715
12.43,2688
40.43,6284
41.72,5213
49.17,5593
64.36,619
4.52,129
14.82,1663
52.5,3500
6.73,532
13.11,895
69.94,2
27.5,4888
19.59,12113
8.52,980
12.66,2792
29.82,5343
67.52,108
46.5,4762
55.62,2329
65.49,419
50.12,4736
20.17,3352
21.64,4097
35.91,6778
24.87,6923
43.09,6253
4.16,550
54.79,2096
13.07,1314
17.94,2625
33.94,5180
36.96,5245
41.99,5813
68.16,56
64.98,493
16.3,3314
41.29,4151
16.72,3194
61.07,1156
9.12,987
27.41,5485
58.39,1728
41.03,5161
51.27,4362
30.56,6030
32.93,6131
34.84,5084
36.83,5854
56.33,3722
18.81,2220
17.65,2631
7.65,2039
48.54,4989
9.53,1940
17.91,2278
46.43,5204
58.6,2201
48.86,3780
69.27,3
9.74,973
22.55,3937
56.24,3267
10.62,1435
33.21,5936
48.59,5160
28.55,4512
16.57,2789
20.49,4161
49.87,4581
2.02,579
37.9,5535
15.76,2329
27.7,5336
35.04,5344
21.99,4653
29.57,2832
25.34,4523
54.86,2286
22.68,3832
39.13,5501
17.36,1945
43.12,5519
25.12,8317
38.85,4699
16.13,1610
48.1,5799
30.36,5987
24.48,5292
23.38,2490
33.05,4942
20.96,2806
44.03,7429
9.35,1224
38.54,6059
50.78,3973
11.19,1850
15.35,1246
65.12,434
54.44,3420
54.33,2944
37.1,7310
66.67,205
44.64,4556
41.73,7193
5.78,5855
9.49,496
10.68,1425
17.64,5585
23.36,2270
49.54,4988
54.37,3517
12.59,2236
26.68,4252
4.37,550
5.14,558
32.07,5776
15.82,1196
61.61,1075
69.23,18
29.3,5272
20.18,6555
37.44,6337
41.59,5897
44.21,5592
61.44,1211
40.16,9395
66.65,214
14.25,2156
47.94,4888
18.66,2212
42.13,5550
59.23,1572
26.8,4511
28.34,2508
59.97,1572
13.18,1984
60.98,1389
19.92,4077
25.59,4069
34.36,5512
41.15,5808
61.85,1056
16.64,2176
24.43,3133
29.76,6425
65.78,211
5.84,1046
43.02,6014
53.91,4202
57.64,2781
66.44,246
56.99,2363
47.91,4710
69.25,15
16.4,2901
22.99,3957
24.44,4538
36.6,4060
62.7,999
11.96,4784
46.96,7839
26.01,5282
22.09,5209
58.64,1908
21.17,2789
31.03,4613
61.51,1151
19.24,2916
29.53,5515
29.21,3481
62.36,1193
69.17,13
11.08,1520
6.34,528
38.21,5275
38.18,6053
17.15,2336
33.81,6388
67.9,84
11.81,908
17.01,3600
30.24,4986
3.47,1140
27.31,4860
52.89,4312
54.28,3909
39.43,6210
59.04,1689
6.22,528
30.12,5606
22.88,5047
54.45,3130
21.2,5134
27.9,4677
61.78,1420
9.89,489
27.11,5982
3.52,278
17.3,1174
36.33,5136
38.63,8440
27.77,5815
29.35,6734
17.79,3641
23.74,3276
54.03,2891
58.12,1791
12.65,2351
40.59,5871
4.2,548
46.23,5516
46.36,5164
67.17,161
20.22,3375
52.84,3019
8.9,478
67.59,126
19.53,3045
60.06,1631
9.23,1462
21.28,5015
68.68,22
49.82,5426
30.1,5125
5.19,545
20.01,3266
42.68,5968
37.93,6190
29.26,5474
20.42,3674
37.17,5917
24.17,12195
57.04,2400
18.61,3364
9.02,622
45.08,5286
14.01,1720
59.58,2035
54.06,2915
54.83,2122
21.65,4387
52.64,2678
61.48,1132
30.46,7612
15.03,4352
47.92,4153
42.9,4589
39.65,7205
50.2,4135
37.2,6885
19.84,3230
52.12,3410
60.19,1666
41.3,5454
32.88,5675
15.09,3319
27.71,4447
40.74,5410
7.66,1536
66.59,291
59.77,1566
32.71,5049
36.94,8148
37.74,6866
69.62,3
4.59,548
28.26,5172
37.21,6123
45.66,5843
37.56,6508
29.46,6703
35.61,4716
65.75,400
53.41,4004
55.71,2677
58.52,2255
65.21,395
58.06,2152
21.77,3051
63.0,965
48.91,3475
56.23,2866
60.82,1939
20.39,5002
39.07,4815
28.23,5401
9.95,841
10.75,702
28.7,5550
46.75,4575
15.02,1887
56.65,2657
51.36,3738
36.21,4802
28.97,3856
7.53,512
69.19,21
31.4,6449
12.71,1780
48.4,4830
49.73,6095
46.06,5483
44.02,5821
7.29,518
8.28,1255
52.26,4426
41.09,5203
14.23,1481
50.11,4853
55.21,2850
68.36,60
44.32,6559
41.05,5445
41.41,5123
12.02,684
23.92,3466
31.27,4487
31.32,8078
45.13,6017
41.69,6345
66.09,280
54.64,3846
19.34,3547
43.48,3383
57.7,2892
66.84,225
15.59,2890
47.18,4709
32.38,3615
7.3,1014
21.42,5733
39.19,5777
19.17,3547
20.67,4087
28.33,5792
42.48,7086
14.3,739
66.82,186
8.72,964
13.49,2283
22.95,3638
27.99,6329
32.33,4450
62.76,917
26.62,4531
14.89,2170
24.34,5571
27.24,4926
49.26,5156
49.1,4294
51.85,4168
66.19,281
33.43,6793
61.8,1061
24.74,4558
23.93,8235
36.7,7511
17.76,3238
68.7,36
33.22,4254
30.07,4933
57.34,2484
58.57,1828
6.67,381
8.68,745
12.61,1799
40.01,4835
35.63,5190
43.11,5460
33.73,4830
20.3,3879
18.03,2722
63.57,833
34.04,5322
12.04,1272
4.02,558
21.1,3108
59.63,1674
11.79,1354
20.12,2498
17.37,5796
36.51,7274
7.17,117
59.45,1724
46.52,5830
56.26,2287
59.07,1765
66.21,307
50.08,3989
27.86,4982
11.16,1174
22.19,4728
14.5,2120
13.44,1738
65.06,450
65.08,484
23.73,3086
48.43,4265
18.04,1703
11.23,460
43.94,8366
8.81,1236
29.98,4886
67.68,137
18.65,2050
28.74,4637
40.38,8127
24.42,4779
65.73,358
30.26,4411
3.59,568
4.38,552
41.18,4779
43.88,6461
25.62,5490
62.87,1255
10.18,714
20.85,1881
62.62,1203
47.2,4158
28.58,4937
8.84,478
39.48,5556
44.68,5288
21.03,5455
26.56,2904
44.31,5621
34.35,5381
46.12,4992
42.91,6483
32.16,6997
27.52,5188
44.37,6839
23.99,5260
45.54,4726
29.01,5383
51.55,4522
35.92,4135
29.6,4537
42.16,5563
37.75,6665
27.58,4144
37.72,5765
32.41,4143
41.06,5094
31.38,5051
7.46,1550
25.75,4284
26.72,5549
33.45,7637
26.15,2405
31.57,6655
38.55,7105
66.57,297
24.96,3458
38.86,4953
39.29,6001
44.04,6257
45.82,4453
50.62,5470
30.9,8558
44.27,5916
67.31,158
40.06,7160
24.21,3673
41.1,4197
31.46,6468
34.21,6692
57.86,2468
39.15,5255
7.68,1009
15.68,2849
33.98,6021
22.82,6370
34.52,6708
58.92,1975
52.3,3251
40.3,5947
38.66,6221
53.16,3998
36.42,6550
16.85,2566
58.24,1786
62.42,1248
18.0,2107
65.34,510
26.64,5490
7.44,1020
45.42,5154
53.36,4208
31.8,7024
67.54,137
16.71,3192
10.93,941
13.8,2464
21.46,2702
23.06,3532
47.5,4492
52.97,4457
33.19,5489
9.41,950
57.37,2312
54.95,2913
69.97,1
42.95,5053
27.29,7683
19.61,2179
33.24,4851
68.01,86
61.09,1057
3.65,552
13.02,1334
22.43,1634
34.38,4937
56.61,2450
50.69,4117
13.14,1442
24.37,6485
62.56,981
18.8,5899
30.97,7138
32.81,4789
63.85,545
9.32,243
34.01,6973
45.02,5359
9.87,1909
10.39,1196
53.45,3178
64.96,584
54.91,3569
50.66,4241
69.87,1
55.01,3012
40.5,4658
45.28,7398
24.03,4324
50.56,4350
49.72,4873
51.91,3821
62.83,1073
31.1,5314
53.53,3820
29.55,4820
16.63,2355
37.88,4510
39.51,4363
40.87,5822
57.45,1886
45.26,4344
65.8,359
19.7,4642
28.4,4937
32.63,6845
21.56,3363
26.54,3928
25.25,4624
57.79,2120
32.87,5660
51.66,3690
7.14,648
8.3,863
18.78,4002
68.31,63
43.42,5638
56.25,2373
58.42,1910
42.52,4591
22.52,3326
67.49,120
20.54,2806
9.65,1681
29.84,5685
13.68,655
39.81,5489
14.12,1704
20.58,4176
41.25,7186
11.73,463
65.22,460
43.72,5749
12.34,1348
50.05,5651
22.62,3085
14.44,3842
31.18,4036
9.78,962
43.78,5123
52.45,4054
59.34,1920
28.28,5126
42.06,4635
55.35,2418
65.2,401
21.79,4414
18.47,5436
43.51,5651
51.94,4343
53.4,3299
56.12,2285
7.83,1023
11.01,912
62.78,1107
27.91,4118
42.12,7053
5.59,550
12.29,886
25.87,3890
4.29,554
11.44,2078
29.49,5769
62.53,1120
53.94,2707
28.44,6479
69.14,20
58.47,1995
44.19,5584
24.66,3433
30.75,5246
68.94,16
23.48,5922
29.62,5329
57.54,2308
20.94,3625
7.57,512
35.86,7034
37.07,7535
68.19,61
22.98,5241
25.49,5318
36.85,5988
58.31,1757
54.38,3378
58.66,2094
55.5,2582
54.27,3979
61.36,1487
29.92,4841
22.35,4404
68.89,23
46.8,4572
25.67,2733
32.86,4142
44.25,6647
52.36,3925
55.34,3954
46.89,4714
28.06,6090
50.02,5783
44.74,4412
52.46,4384
63.68,631
29.02,6183
39.97,4968
61.4,1393
63.71,738
6.19,524
58.2,2055
69.58,3
28.86,11506
25.19,3538
39.89,5766
22.72,1602
33.25,6580
67.18,142
5.6,534
4.13,554
54.34,2755
60.63,1499
41.92,5437
13.65,2590
9.91,2416
45.2,6295
53.26,3203
43.49,5758
27.82,4036
49.0,3247
32.75,6201
38.81,5401
11.17,1399
38.14,6274
40.58,5981
34.59,7852
42.62,5792
44.15,4460
28.45,3620
37.27,7533
20.71,3794
62.73,957
27.16,2349
30.03,4538
42.99,6169
39.59,6825
17.27,4048
51.42,3726
7.48,749
11.72,1356
63.39,742
27.72,4229
36.55,5001
21.7,2748
15.8,2867
39.32,6173
67.26,156
48.35,4423
29.88,6682
23.09,7948
26.02,3794
67.65,122
29.87,12722
51.02,3825
22.83,4741
45.91,5235
25.81,3820
10.59,918
16.91,2328
28.21,6628
11.25,226
49.6,4796
65.98,262
68.67,35
39.21,5516
34.4,4583
12.93,2855
7.1,1020
57.67,2102
58.02,2188
26.39,2977
31.78,5078
5.91,1594
65.4,379
10.69,706
66.03,378
50.71,5738
56.0,2423
11.61,1606
41.74,6037
19.29,2699
10.48,1642
10.96,2803
26.25,7165
58.59,2176
62.39,1055
31.99,7320
51.32,3160
11.28,468
14.47,3262
7.73,1514
60.96,1109
21.95,3491
55.79,2599
52.11,5165
69.71,3
45.12,5629
37.73,5507
10.74,1060
58.29,2101
49.34,5809
50.32,4248
35.3,5841
8.62,500
7.92,1506
22.13,5996
21.71,3289
63.63,636
13.32,4128
67.79,129
67.21,145
26.73,3744
61.46,1199
18.16,2986
66.0,297
9.67,716
38.04,6474
9.27,480
32.84,8471
57.61,2440
38.26,6793
67.41,138
44.85,5919
39.73,6036
39.72,4805
31.85,6621
42.46,5687
64.73,775
33.32,4988
14.9,1271
26.42,4475
53.68,4207
12.15,1015
56.69,2827
63.18,985
54.89,2859
52.06,3923
16.76,3580
58.81,1922
35.28,5396
16.93,1882
21.37,2683
22.7,3492
24.12,4067
52.75,3875
47.29,4349
11.41,1380
29.9,6902
67.62,105
19.3,3433
39.55,4670
10.55,719
15.33,420
38.53,6148
16.99,1295
47.37,4467
48.76,5067
6.1,540
58.49,1908
67.02,152
62.65,1077
56.49,1979
27.98,5551
25.82,4084
35.34,6545
33.69,6074
37.12,6543
41.37,5508
36.43,6065
60.29,2027
59.36,1777
47.45,5976
57.05,2692
19.1,4009
42.4,6201
15.4,2876
42.57,4715
14.54,1050
12.53,2237
21.84,2075
37.45,7351
46.37,5925
33.61,6938
48.09,5251
53.88,3265
65.25,423
14.94,1144
24.49,4108
42.73,4755
8.53,492
61.59,1169
41.32,5609
12.14,2011
51.01,4168
29.22,3581
26.96,5841
37.98,4362
61.1,1291
39.47,6879
16.35,3482
32.23,6074
4.51,548
62.08,1223
67.43,155
38.67,4397
62.19,1162
24.05,3884
17.92,3216
12.35,896
28.0,4523
54.73,2969
58.61,1826
61.84,931
68.52,32
65.66,472
22.59,5388
42.86,4299
19.8,3914
36.28,6657
69.36,17
28.36,6636
24.04,4054
57.71,2154
66.95,195
27.35,5915
61.17,1341
9.5,2301
5.83,530
51.72,3791
18.46,4132
46.86,4114
29.79,4563
55.81,2709
56.07,2528
63.13,1192
18.55,3784
41.36,5058
36.22,6054
24.52,4650
18.05,2082
8.88,1954
47.54,3862
19.57,3782
28.39,6167
12.45,1575
35.9,5290
15.48,3262
18.15,3948
12.37,1001
34.09,4233
61.87,998
62.74,822
22.14,4653
9.93,960
51.47,5354
67.47,157
8.11,486
36.24,5596
62.9,1010
8.34,998
57.08,2160
24.47,3605
52.15,3568
68.09,83
16.18,1600
5.43,550
53.51,3071
68.47,49
25.57,5876
40.04,4585
34.23,4727
13.79,2183
33.42,6789
9.96,474
36.71,8012
8.99,1001
58.43,2302
23.27,4382
59.5,1800
31.56,6256
55.77,2884
20.6,4741
8.55,251
47.75,5590
19.97,2322
60.81,1525
68.55,44
37.37,4029
20.06,2822
58.54,2113
44.1,4938
4.32,540
47.44,7336
48.72,4892
58.88,1839
62.1,995
57.56,2876
8.12,510
39.17,8803
16.19,1602
5.31,1065
40.62,6312
8.8,747
52.63,3555
66.14,318
45.5,5105
54.21,3013
40.02,6384
52.91,4102
36.34,6591
53.24,3338
54.01,3272
28.18,6520
42.07,4379
26.51,4910
34.24,6173
65.86,309
61.02,1547
17.54,2090
67.57,154
18.74,4431
48.32,4298
38.38,6814
13.26,889
14.93,3744
8.19,1245
56.52,3019
12.19,1338
60.11,1602
38.36,5816
10.22,703
33.66,6279
32.28,4770
62.29,1048
19.9,3837
54.63,2592
25.47,4291
37.22,7159
9.94,591
56.58,2512
10.26,1439
27.74,3941
29.52,4786
26.1,4838
67.34,137
51.67,2520
29.47,5251
25.23,4741
23.31,3720
45.06,5175
2.44,576
65.96,342
9.01,862
14.59,3258
51.68,4318
6.46,510
32.34,6656
36.35,4680
35.11,8348
47.48,6730
32.25,4714
25.1,5044
61.41,1079
21.85,4560
60.51,1593
30.44,7331
11.03,1621
42.64,4106
44.12,5518
32.73,5447
46.82,5056
66.46,270
31.09,4860
28.63,6715
54.29,2961
69.32,5
40.4,4493
49.44,4290
63.66,702
25.38,4979
6.36,520
16.52,2158
64.51,668
25.48,3470
44.24,4906
19.22,3451
48.95,4585
14.15,1941
63.76,607
34.67,6542
58.14,2656
54.85,3450
37.04,5652
34.08,5750
46.73,5327
34.29,6228
40.03,4497
41.81,6406
10.6,1895
51.34,3289
43.41,5177
28.68,3623
55.65,3770
53.13,3636
56.46,2353
21.34,3348
62.99,947
69.12,15
39.16,6156
50.39,4426
55.37,2792
43.93,7621
14.85,1874
39.27,5545
46.15,4572
64.9,565
59.1,1605
59.71,1699
22.74,4860
28.87,4371
62.67,1292
43.92,6665
52.69,4322
50.0,4477
23.47,4985
33.3,6227
44.2,4768
19.37,3943
28.52,5050
28.13,5195
41.61,4931
67.11,151
61.96,1060
53.56,2891
37.58,5835
53.81,3094
48.27,4193
57.41,2112
18.43,2989
65.65,330
46.76,4857
45.92,5073
44.39,6784
23.78,5169
11.93,1811
59.31,1884
66.78,266
12.7,896
10.99,458
7.6,522
10.46,942
51.77,4187
52.56,3549
30.55,6581
25.84,4503
34.58,4859
20.34,3976
13.42,3387
29.97,4796
56.48,3084
65.38,445
5.48,1620
68.08,95
47.08,5419
53.25,5391
30.86,5676
34.85,8832
37.39,5507
40.33,7552
41.17,4998
45.93,4968
60.13,2001
17.47,3872
9.85,1339
37.54,4796
12.25,785
37.79,5909
67.08,199
7.08,502
11.48,1717
14.04,1804
39.99,4640
62.11,1346
60.76,1497
24.08,2555
48.17,4047
20.16,4203
68.32,36
28.72,5045
50.26,4206
9.24,478
25.54,4720
38.41,7316
29.5,7870
16.61,1570
12.01,2036
40.66,6456
29.83,5087
36.57,6185
45.01,4864
20.47,5490
14.32,3438
44.6,4960
11.45,2099
48.71,4062
51.25,4508
19.14,4192
23.0,4631
19.73,2856
68.0,81
10.07,1312
64.93,473
17.22,4951
37.69,4910
35.89,4392
16.62,4327
55.57,2887
63.9,634
33.49,9976
57.75,2522
14.1,434
19.19,3847
52.8,3123
15.52,4502
4.33,538
66.53,227
35.43,7388
50.72,5104
13.46,1302
26.98,4323
23.59,4042
66.06,333
38.6,5840
16.51,1381
24.83,5869
43.55,6642
11.8,680
15.87,2025
39.26,4574
36.23,4860
62.32,1042
37.81,4642
29.67,6143
55.95,2856
36.63,5405
42.28,5760
42.34,4863
60.39,1877
15.89,2129
50.33,5025
23.08,4127
22.92,3763
37.62,9561
43.04,4290
19.27,4594
31.73,5871
57.93,2259
11.66,2272
66.01,332
54.43,3174
15.71,2337
35.02,7898
37.65,4984
38.4,6339
48.75,4298
39.87,7632
20.75,3509
26.4,5392
57.09,1972
18.21,4414
58.16,1942
40.76,4803
46.17,4347
46.65,4619
53.77,3353
23.46,3915
5.0,1078
64.89,491
18.35,2717
64.75,504
49.07,3945
57.2,2379
29.37,4439
18.96,5986
26.74,6018
19.58,3840
14.22,1284
7.62,892
39.83,7955
5.05,558
61.73,1279
36.16,6545
23.94,4462
62.09,1027
32.21,5720
61.35,1208
41.19,7763
60.33,1558
27.42,5311
65.05,639
9.44,486
31.19,4994
3.49,574
41.85,4868
65.84,280
59.98,1436
13.69,1294
26.27,3467
47.71,5409
38.89,4949
7.16,532
61.71,1156
36.0,5225
15.06,2478
51.4,4075
19.35,1200
40.89,4742
6.65,1044
54.93,3374
47.98,4876
57.96,1950
66.79,201
67.83,114
25.0,5702
50.98,3750
43.37,4860
54.78,2817
36.84,6120
22.04,3646
46.79,4431
19.77,3731
23.65,5720
49.24,5324
13.17,1110
60.59,1639
44.0,6560
67.96,77
65.35,374
22.78,982
29.0,4504
46.64,5086
28.62,6534
11.42,2290
66.34,246
61.62,1290
32.7,7416
46.29,5582
54.3,2929
52.31,3447
5.8,531
64.54,503
53.19,3784
32.24,3963
61.79,1207
6.81,515
36.45,7006
28.09,6009
34.55,7499
60.56,1424
4.48,538
32.5,7377
30.61,6584
33.39,6672
20.57,3577
37.15,5314
63.11,1029
31.22,5261
33.7,5363
14.71,1877
36.04,6329
45.6,5723
52.77,3733
24.67,5363
8.79,1482
11.26,1609
15.07,2680
62.02,1318
28.03,5770
17.19,2535
56.63,3224
66.6,246
37.06,6842
37.52,6297
54.88,3127
6.13,550
59.74,1672
30.18,6506
35.8,6226
67.27,136
61.81,1064
26.45,8928
16.24,2602
44.75,5122
48.25,5751
68.83,24
67.44,165
53.32,3252
42.54,6707
68.9,26
22.71,4303
18.84,3525
31.97,6245
64.28,593
52.03,4751
10.23,1420
23.54,5093
48.01,7103
7.87,506
49.91,5602
11.11,1394
8.42,992
22.79,4220
55.67,2182
19.21,3441
25.26,4801
27.76,6068
42.51,6163
50.65,3942
6.5,528
23.1,4198
43.4,6678
47.15,4647
7.52,1778
8.77,494
11.2,1874
66.2,352
27.83,4134
44.58,5451
51.92,3797
30.98,4444
63.86,713
67.6,116
14.03,1809
34.12,5044
7.32,788
66.54,233
57.06,2218
44.66,5986
47.65,5502
23.35,4809
9.58,2408
16.75,2756
16.79,1766
7.59,1008
35.88,5787
7.49,1024
49.29,3828
29.1,6494
10.47,1168
16.56,1176
20.87,10891
49.79,5450
24.65,3462
66.35,308
21.25,4844
18.12,2078
23.95,5234
8.39,1249
13.09,1557
17.74,1634
50.86,4405
56.34,2401
12.92,3092
24.51,4100
27.59,4677
34.31,5706
28.69,3612
44.63,4832
9.3,835
69.31,14
10.15,2160
2.17,280
68.03,69
8.57,1974
41.02,5755
65.59,325
48.13,4374
33.92,5692
34.8,4959
57.73,2822
59.67,1896
11.67,1384
23.41,5126
30.19,6134
43.8,5749
46.14,5307
40.24,5578
51.98,3265
52.87,3745
39.98,6087
61.91,1175
56.08,2388
14.26,3626
39.82,4941
44.23,5352
56.57,2114
20.76,2386
69.26,5
60.42,1528
61.15,1398
21.08,6424
34.14,5114
36.74,7430
37.78,5031
24.09,3897
35.13,9737
6.17,512
52.25,3674
26.52,4598
66.61,230
49.75,4113
53.69,4786
30.42,4661
14.13,3599
54.99,3081
69.46,5
14.29,1694
63.53,948
44.7,5691
67.75,81
16.33,1784
47.7,5093
29.63,3921
34.17,4758
7.86,1766
36.49,6672
8.96,484
24.93,5074
35.49,6771
22.51,3871
67.16,171
7.72,1030
16.43,2268
13.94,1712
21.88,3210
39.04,5179
48.39,3675
64.07,624
10.72,1632
16.42,2816
49.51,5111
61.7,1233
38.88,5903
15.79,3644
63.09,1068
45.24,4042
22.63,3680
23.3,4430
18.9,3230
47.53,4183
16.11,3071
61.57,1390
31.15,4865
10.57,2344
53.39,3320
56.7,2856
58.22,1912
35.76,5315
29.28,5844
59.35,1762
25.22,5081
9.71,1672
33.84,5588
64.09,675
23.87,4988
43.33,6347
7.39,2068
52.82,3426
61.74,1179
69.05,16
24.88,4099
8.82,984
17.11,1948
46.85,5400
26.65,8373
53.34,3116
33.52,7460
58.45,1793
22.41,4069
63.24,933
30.73,5833
29.13,5405
58.5,1958
6.15,524
34.78,6145
59.56,1671
35.99,5203
22.65,2080
18.14,4151
24.31,4868
66.43,221
21.09,3218
55.28,2438
64.19,646
6.58,528
54.39,2564
42.89,5759
24.72,3995
20.2,4316
57.88,2422
59.53,1711
60.01,1795
6.84,510
17.4,4550
31.98,4100
59.88,1451
61.11,1362
64.22,660
50.99,4764
22.47,4090
43.57,4323
38.19,5935
63.77,774
26.77,7544
36.36,6454
55.75,2763
30.96,5647
11.02,2314
13.61,1822
14.38,1685
22.17,4154
31.61,4954
38.17,5582
38.31,5851
66.62,229
69.56,2
36.37,5459
58.19,2137
23.03,5113
28.17,4710
21.96,5477
5.54,1088
18.93,4455
37.95,6503
25.28,6202
53.9,2823
48.79,4355
30.74,4024
63.44,790
34.9,4826
14.24,2967
34.37,7347
36.69,7039
60.87,1558
15.21,2594
39.88,6911
57.0,2520
35.48,3512
49.84,4373
23.86,6280
34.06,6097
20.5,4328
18.57,12495
34.92,5703
3.22,278
15.98,3515
58.97,2129
62.94,1165
61.75,1098
22.2,2696
44.38,3769
59.89,1891
41.46,6801
45.31,5326
14.79,2087
64.14,601
9.08,719
60.57,1397
19.03,1733
55.6,2986
35.42,4064
34.03,6073
55.1,2923
12.96,1443
47.55,4733
14.09,848
50.81,3895
3.23,1142
65.02,486
19.79,2209
56.6,2428
25.64,5201
22.39,1871
20.32,6901
64.74,457
16.48,3450
34.76,4879
63.91,612
13.57,1317
29.4,6923
16.68,5278
28.71,3881
48.58,4090
48.14,4352
43.19,5697
60.54,1578
62.96,851
39.01,5258
62.45,940
52.02,4086
19.5,3315
39.7,5562
65.47,386
22.21,3816
51.46,3936
2.96,562
44.67,5664
60.46,1388
58.28,1825
65.11,417
17.89,2461
33.8,4310
29.71,5359
67.25,182
53.55,4759
14.02,2578
36.76,7309
23.89,7381
24.56,4533
11.15,2083
61.89,1101
21.27,3108
18.48,4315
25.88,4693
6.52,1560
58.46,2742
67.05,161
10.45,1438
50.41,3622
63.72,844
35.18,5760
5.33,276
21.49,4523
35.35,5605
39.56,3956
47.26,5510
53.1,3128
16.07,2416
30.78,5212
35.83,5649
6.64,530
25.53,3468
49.61,5444
29.31,5218
20.04,4803
26.75,5807
59.06,1804
51.48,3265
28.84,6144
58.3,1566
21.15,4451
60.62,1773
39.9,6219
15.0,4674
6.96,1032
10.33,1328
33.78,5943
55.06,3081
44.52,4621
67.94,73
57.84,2583
30.04,5734
64.26,735
66.31,276
36.53,7063
27.84,4752
36.92,7490
4.81,834
14.88,2098
41.04,4959
61.26,1138
40.75,4987
51.31,4630
27.36,4779
45.71,5190
64.63,568
37.19,5381
48.47,4206
43.58,5590
32.09,4063
37.42,5317
26.43,5203
35.07,3950
4.17,544
50.19,4062
67.74,111
61.04,1273
26.61,5330
56.79,2586
38.97,4971
67.29,149
64.37,784
38.71,6089
43.0,5332
4.94,560
15.62,4156
8.22,1880
17.45,3734
32.4,6082
35.31,5464
39.0,4792
40.46,7537
12.33,884
68.57,42
21.87,12470
63.64,736
64.48,650
58.13,2236
66.27,269
23.25,3861
27.15,3848
57.68,2153
32.69,7153
14.07,6038
10.63,924
29.74,6801
40.94,4215
50.5,4746
5.86,1600
24.82,4991
23.71,4724
27.73,4010
63.65,781
12.44,1604
38.78,4469
16.5,1591
31.74,5306
40.45,7404
20.74,4061
13.64,1723
67.09,166
8.97,1474
38.58,7063
7.33,1024
8.59,1728
63.73,841
20.09,3528
54.1,2867
19.91,3530
39.4,7554
64.68,561
19.11,4854
40.39,5650
8.21,1111
68.33,71
45.85,4921
13.66,2177
3.62,554
43.36,6283
21.48,4706
13.7,2695
19.39,3248
27.97,4822
30.2,6050
25.18,3112
67.99,74
66.94,158
55.38,2413
24.85,4136
43.95,4730
21.07,4184
9.15,119
9.03,978
11.77,926
20.03,3728
34.13,5523
67.5,124
50.22,5638
40.61,8430
11.46,2290
31.6,4029
32.48,6687
38.82,4445
32.85,5445
48.74,3341
69.21,10
51.41,4043
52.68,3229
22.48,3085
63.25,1239
67.15,159
7.38,1784
67.89,98
52.22,4321
59.15,2008
17.99,2455
60.04,1684
30.7,4888
67.28,156
2.36,1150
13.3,1737
5.61,1070
28.91,3878
53.33,4500
64.29,673
28.57,5510
5.12,550
15.61,1752
17.04,3327
22.1,4798
22.24,7599
16.05,1556
23.7,5257
30.49,5942
13.41,2618
29.56,6351
31.39,6222
10.56,2828
17.42,3327
31.41,4874
27.07,9989
38.84,5463
6.25,794
44.77,6641
5.53,536
51.54,4441
40.73,6249
30.88,4523
46.41,4548
50.1,3902
50.96,4084
32.83,4682
24.14,3640
36.39,6429
7.93,496
42.0,7269
63.21,782
22.53,4142
51.18,4819
10.17,1756
51.33,5083
10.43,946
35.01,6457
18.13,2462
69.16,16
32.49,3731
19.75,3353
28.5,6709
41.86,6468
51.11,3553
38.64,5945
49.42,4596
64.25,575
28.8,4564
20.55,5923
17.38,1923
22.75,3513
65.17,344
50.28,3101
31.33,4841
64.7,581
9.2,3414
39.02,5101
19.93,3280
48.61,4107
65.01,510
52.42,4588
6.86,510
8.26,988
65.55,388
68.29,83
40.32,5271
19.01,3561
61.83,989
29.7,3754
11.55,680
13.13,2635
52.01,4685
39.33,7863
66.37,328
15.78,2292
37.3,6692
15.81,11325
27.95,4749
46.88,4788
8.35,1493
33.27,5397
67.48,173
55.76,2320
44.55,4914
31.45,6659
45.7,5338
63.06,943
46.72,4231
65.0,498
18.79,4077
61.29,1424
29.19,5348
17.31,2344
33.56,4813
24.89,4044
66.36,273
68.07,81
43.03,4963
47.57,4856
13.47,1398
34.97,7287
44.83,5849
40.18,6232
58.77,2220
31.72,6268
33.57,7689
51.23,3639
56.5,2828
49.95,4104
28.67,5502
69.57,8
22.69,2957
53.64,3477
25.37,6545
43.82,5411
11.63,4131
14.67,2187
15.84,3468
30.28,5944
13.24,442
65.46,361
33.9,5980
43.25,6422
32.05,5411
45.55,4420
14.99,2188
26.92,7495
36.47,5707
46.54,5042
35.95,8459
34.15,3408
23.24,3286
58.72,1999
8.44,490
5.56,530
31.36,4991
15.1,3957
68.1,69
67.78,122
30.87,6454
10.88,926
54.62,3204
33.01,6806
62.24,805
14.36,2513
57.15,1491
63.58,892
54.07,2908
43.67,6413
66.33,231
12.84,2346
59.65,1802
68.74,39
7.36,1529
68.84,35
31.26,6277
7.47,251
31.84,6220
19.96,3150
51.21,4711
18.62,1830
21.33,4907
48.18,4670
49.98,3912
28.38,6471
21.6,2348
13.76,2988
23.64,3110
38.03,7324
66.38,344
68.06,83
59.85,1817
64.58,538
8.58,496
69.89,2
16.08,398
31.88,5927
3.32,281
20.84,1024
10.51,240
65.14,394
13.38,3935
23.8,5450
64.39,604
23.57,4138
57.9,1920
7.23,1658
19.18,4988
42.5,5921
38.79,8660
4.79,543
23.16,5455
8.61,998
5.46,535
69.37,6
10.21,1418
26.21,3550
65.48,455
59.28,2042
13.45,1744
69.54,3
57.57,2177
43.1,6783
68.69,29
49.94,4084
8.31,500
61.05,1315
59.02,1569
16.23,612
39.62,5402
39.41,5264
56.91,2423
47.22,4891
6.9,528
15.44,1249
58.08,2132
20.44,4972
62.13,951
37.16,5607
16.59,3118
30.81,5709
48.7,3265
63.02,988
54.05,2764
36.8,7145
12.78,426
64.4,535
26.32,7210
13.5,2417
7.24,634
6.97,508
9.37,1466
54.49,3589
54.46,2572
64.92,537
37.36,5383
27.63,2108
21.54,3787
32.02,4544
64.5,519
65.6,367
34.72,5385
36.98,6806
50.45,4771
58.84,1880
19.95,6216
63.61,813
14.77,2513
41.52,4655
67.07,139
6.57,1054
20.99,3495
27.61,3905
62.51,1082
65.67,359
27.67,5415
30.45,3896
27.88,4076
40.34,8156
49.55,5044
57.83,1987
30.14,3823
17.97,4232
46.55,4974
15.25,1226
45.19,7035
43.74,7838
40.86,4219
5.13,542
43.97,6729
12.17,2690
47.34,4719
60.78,1386
67.04,184
27.53,6271
20.52,4986
61.32,1297
16.7,1984
63.5,756
68.25,83
31.06,5365
43.96,6288
56.02,2597
18.83,5130
45.98,4910
40.91,6634
30.22,7345
49.89,4474
59.69,2171
23.69,5197
35.08,5622
48.8,6788
63.78,716
51.0,4023
63.95,635
54.54,3065
46.92,5473
25.35,5502
11.75,1348
57.66,2738
55.29,2981
28.19,6788
44.14,4948
64.84,436
25.93,4856
10.02,3466
55.23,2452
48.3,3887
41.77,5329
45.63,4002
47.59,7438
26.55,4066
15.2,2368
19.32,1808
39.12,6196
44.62,4620
59.7,1691
62.91,999
35.1,6367
59.26,1948
27.46,5110
63.82,713
62.72,1159
22.56,5606
14.05,854
48.63,3003
17.72,2857
15.05,2715
23.98,5216
60.47,1325
12.08,2266
61.97,872
52.13,3970
33.33,5385
45.14,5262
31.12,7528
40.67,5628
44.99,5434
32.47,3746
51.51,3432
17.53,1952
69.74,7
7.61,622
21.26,2935
39.49,6820
56.27,2811
36.17,3873
21.97,1842
45.57,4732
34.16,6601
9.07,970
19.16,2814
19.87,3200
61.9,1104
24.38,5756
27.01,3181
46.71,5122
24.1,2925
11.58,1261
17.24,4024
63.93,595
12.83,1662
22.42,4112
45.76,4956
8.64,984
48.78,7105
57.49,2382
13.2,765
68.45,46
46.62,5589
64.8,605
13.84,2586
16.53,2010
54.68,3324
59.09,1622
50.63,3456
6.89,524
57.18,2961
22.06,5028
46.2,5463
21.76,1352
26.86,4024
47.61,4324
61.08,1382
8.41,2996
20.86,3362
48.82,5286
62.3,1066
2.67,143
21.4,7109
29.17,3384
31.51,6296
62.5,1064
47.06,7674
57.12,2401
53.42,3961
14.0,1492
36.66,6818
8.01,1252
17.87,1904
10.81,2454
12.87,1214
25.43,6522
64.2,749
29.14,3797
34.11,4536
8.13,500
56.68,2903
46.58,3853
30.23,7355
47.73,5286
61.69,1205
26.05,10448
20.48,4551
63.1,1122
56.86,2445
68.99,19
8.24,1010
45.4,4471
59.72,1369
35.93,5120
41.54,7180
34.96,6207
54.0,2511
10.9,1398
30.25,6580
60.48,1395
62.0,1136
19.45,2536
31.94,3764
11.34,914
54.42,2688
13.27,1965
21.92,4682
26.94,7284
22.05,5500
60.32,1544
69.34,12
60.84,1134
35.36,4767
66.12,393
39.35,5997
14.39,2348
60.91,1400
50.21,4691
33.16,7792
42.45,5567
51.14,5196
30.58,6527
8.29,1619
11.92,1792
30.89,4522
17.46,2301
57.77,2161
29.34,4748
58.94,2228
69.53,4
17.17,4688
34.64,4678
65.43,432
57.25,2664
25.24,5562
43.66,6452
56.64,2348
65.27,486
39.22,5287
4.77,536
28.04,6489
17.81,2652
64.94,427
15.57,4806
69.45,9
36.18,6110
28.56,3567
61.18,1434
42.27,5321
56.3,2492
57.02,2783
18.67,3350
33.09,5268
48.21,4535
56.62,2665
27.75,4787
53.0,3617
21.01,6583
14.21,832
59.01,1932
47.31,3647
9.36,243
22.89,3778
46.46,4455
60.89,1206
9.99,1410
48.19,4432
64.57,582
63.83,704
24.73,3878
51.65,3797
46.48,4274
47.41,5019
52.23,3629
10.84,470
29.06,4438
18.51,3365
21.61,3623
56.05,2515
54.4,2844
22.93,4359
40.41,5315
19.31,2555
25.01,3188
49.59,4818
60.99,1884
28.02,6740
31.01,5782
52.17,2861
40.21,4423
17.85,3897
7.25,662
60.0,1440
12.98,864
59.99,1502
60.73,1530
14.84,3764
60.15,1427
63.89,640
7.95,999
57.91,2106
54.57,3319
18.99,3316
62.35,1014
49.64,3796
66.42,224
25.09,4296
25.6,4107
35.56,5694
36.01,5013
43.18,5955
46.68,4811
55.55,2711
64.97,530
53.18,3878
19.06,1807
49.66,5628
51.73,3811
41.79,5983
23.12,11757
57.47,2040
23.68,4363
20.68,4850
27.06,4869
8.2,389
33.88,6251
18.63,1475
48.02,7088
12.72,1772
67.69,106
55.9,2441
36.62,7068
50.55,3418
67.19,138
18.07,1508
6.01,522
52.47,4170
50.54,3093
47.72,6217
49.8,4737
44.93,5453
12.68,2665
18.97,2773
57.59,2279
51.84,4014
35.72,4292
33.55,4607
47.67,5222
55.66,3240
44.5,5096
29.16,6441
22.84,3166
12.23,2693
54.15,2865
26.87,4532
33.93,4064
63.75,689
38.99,4919
24.58,4084
62.43,968
15.04,2278
67.45,154
6.85,514
8.94,1702
23.79,4217
62.2,1328
34.65,6614
45.39,5847
29.43,6308
11.74,2946
7.5,1534
68.28,68
30.53,5347
49.65,4177
56.77,2810
52.07,2842
43.38,4328
58.03,2136
7.12,518
55.43,2906
56.37,2850
35.67,5060
29.03,2878
8.25,490
5.92,2101
23.49,3088
19.02,3457
22.0,4149
22.81,2726
65.32,478
44.91,5208
57.24,2588
55.91,3035
40.54,6546
56.85,2217
41.75,4924
2.73,584
16.12,1883
18.38,4146
30.3,5011
25.99,4068
40.82,5737
4.64,548
44.41,5896
14.41,1722
10.8,2000
59.92,1636
44.96,5388
68.11,81
37.55,4288
60.26,1706
54.19,3437
44.61,4675
23.58,5099
20.15,3914
7.54,1020
33.91,4933
27.22,4511
47.17,4597
67.71,122
68.14,65
25.92,4914
42.59,5061
64.34,647
53.66,3844
46.83,4313
49.85,4278
42.22,8460
54.51,3119
55.89,3226
53.48,3626
28.22,4730
53.89,2579
43.27,6882
64.65,556
50.88,5320
8.37,885
5.21,400
62.86,1010
56.45,2633
46.53,4058
68.59,33
15.27,618
30.93,6383
35.22,12006
42.87,4953
15.9,2420
55.15,3032
45.04,5026
54.67,2967
38.28,6725
54.71,3136
21.98,2982
33.2,5618
29.94,4315
14.83,1037
50.68,3596
59.96,1517
11.78,2286
59.66,1607
51.78,2828
46.6,5301
43.32,5535
7.77,502
47.43,5351
25.63,1476
63.34,733
28.3,5383
22.31,1864
24.84,4075
43.34,5726
8.45,731
64.03,656
41.31,5498
63.37,839
46.44,5612
13.74,1286
23.22,8047
32.68,6263
9.42,1712
57.22,1791
15.75,2836
30.33,6598
31.54,6368
43.45,4373
51.97,3841
53.61,3541
68.4,69
17.0,2358
25.21,5415
20.25,6534
13.91,2273
29.36,5833
31.82,4284
40.92,6031
60.49,1530
17.03,5145
63.56,980
24.54,9900
27.93,4748
56.56,2526
69.9,2
63.59,701
20.95,2936
27.37,5655
47.8,4618
51.69,3513
69.38,10
59.44,2005
12.31,906
35.21,3895
32.15,5565
17.14,2694
24.98,7105
60.02,1481
43.83,5301
19.33,1094
53.43,3308
56.4,2562
36.73,6206
15.49,1632
27.25,7133
6.83,1048
49.13,4493
62.46,1023
33.47,4245
53.7,3201
14.75,1483
16.36,2289
67.84,122
61.37,1346
38.29,5795
64.0,712
55.64,2835
3.05,580
22.18,3674
45.53,6453
22.86,2498
9.45,1455
63.41,828
65.57,331
27.56,6691
41.45,4664
56.83,2282
59.22,1924
48.46,5614
62.47,827
16.09,1806
29.39,3615
60.6,1453
47.85,3843
21.38,2858
65.77,478
52.44,3039
67.81,111
63.32,817
63.12,925
13.37,1774
54.96,3001
17.63,4120
24.15,4738
38.57,4661
47.81,3369
22.3,4008
41.57,5774
54.04,3162
54.6,2996
49.32,4755
58.51,1732
52.65,2683
20.61,3422
56.03,2560
50.06,4793
12.91,2180
46.11,4268
47.35,5015
15.86,3078
31.29,4982
28.98,5296
31.7,5789
32.08,5509
53.71,3451
45.43,5011
65.64,362
8.65,1486
66.16,254
20.36,2830
45.47,5732
66.45,307
10.65,1418
53.28,3753
69.68,4
32.61,5141
37.6,5341
29.18,10211
62.55,1042
48.96,4904
7.22,124
23.83,4648
28.11,6874
43.46,5726
43.76,3998
15.65,3265
31.13,5583
38.83,9364
49.45,4736
40.11,7613
24.75,3363
58.76,2349
66.55,268
64.1,610
54.16,3284
12.47,1920
63.99,705
36.2,7097
54.13,2983
69.84,2
4.12,1116
47.33,5056
17.26,4258
43.61,7882
47.42,3375
69.18,13
62.89,926
49.18,4827
49.35,3960
46.04,5609
45.11,4713
62.44,1041
26.24,5510
61.14,1407
59.41,1984
40.99,6579
47.1,5860
64.35,614
21.41,3622
57.55,2290
35.77,7332
46.67,5828
48.98,4247
62.25,840
65.3,457
26.28,6770
29.33,4133
26.06,6443
19.62,2164
44.86,6129
44.94,6051
52.57,3704
54.82,2815
55.11,2901
9.26,1604
56.87,2307
4.91,538
35.82,5191
10.35,1430
29.93,6142
23.88,5484
17.66,4624
14.61,2563
44.87,4339
27.49,5250
50.48,4110
20.1,4365
64.18,686
12.05,1376
34.74,7326
6.59,518
69.79,4
29.95,4910
52.81,4045
69.72,2
38.94,5623
20.45,3064
11.18,1392
41.38,4680
19.66,4374
25.29,6174
30.02,7016
61.76,1341
34.56,5590
68.6,42
21.0,4432
41.83,4896
18.77,2067
9.25,834
12.76,2180
39.25,6992
53.59,3742
20.38,3048
52.05,3128
14.4,1695
48.92,4050
36.15,5867
6.43,2356
31.31,7029
66.88,212
10.83,710
6.08,524
53.22,2655
4.53,968
24.25,3214
53.44,3591
66.04,256
68.66,28
9.76,978
6.42,1056
68.79,32
23.23,3446
19.65,3662
48.11,4791
60.86,1470
20.63,2086
28.47,5772
17.43,2861
30.5,5203
44.48,6113
54.75,3018
44.05,5670
45.8,5695
32.17,5819
30.76,8096
34.07,7960
52.52,3833
66.02,332
33.48,5135
39.58,5931
11.06,2536
33.06,9346
23.01,5826
62.79,1041
48.23,4880
46.61,7002
20.26,5053
28.32,6922
34.1,3828
22.61,4881
63.87,694
65.56,303
7.18,400
32.18,6379
40.08,5200
49.15,5003
57.29,2680
6.12,546
35.24,5356
38.12,6105
47.04,5164
15.43,2894
9.63,1712
58.35,2406
65.85,320
27.08,5806
53.35,3817
54.31,3548
47.14,4713
18.26,2446
59.18,1641
36.78,6167
59.73,1564
60.77,1396
25.41,4600
67.2,134
13.62,1099
17.23,3787
25.94,4145
51.12,5236
64.72,618
56.32,3103
15.96,1220
15.47,2274
38.74,5161
37.99,6380
10.04,1436
46.39,4686
59.48,2043
56.38,2780
63.49,1011
17.34,6091
16.38,3501
59.24,2008
19.09,3791
63.4,747
32.91,6978
36.32,5224
42.43,4096
38.11,4888
15.14,2480
39.3,7101
43.52,6499
20.35,2122
57.27,3106
15.34,1626
60.7,1767
20.81,2654
45.81,5397
16.15,2096
10.71,1406
6.49,518
50.46,4446
37.61,4579
17.49,3109
31.62,9783
62.66,1058
12.46,2020
30.54,7029
55.93,2697
65.33,390
45.87,5608
16.54,1874
39.84,6703
46.05,4320
60.5,1664
16.03,3246
33.26,5734
34.89,4932
32.19,3813
45.25,4864
47.77,4220
8.69,991
69.93,3
34.7,4525
9.72,234
59.79,1815
23.84,6753
53.63,3779
7.27,1680
25.76,3609
25.52,5145
49.52,3680
15.54,1648
33.18,6504
12.77,2636
51.8,4693
65.31,347
22.36,3670
47.9,4280
26.37,4330
49.37,4247
37.71,9456
63.23,813
31.0,5164
58.09,2098
44.81,4026
38.09,7235
9.97,3324
61.39,1099
68.13,79
17.83,3890
11.32,1382
31.53,6533
38.91,5972
40.93,5394
48.85,4720
64.62,609
42.6,4759
59.33,2233
28.01,4170
16.67,12934
23.21,4455
24.3,6182
36.54,3723
61.19,1523
13.87,2371
42.21,5019
5.82,796
33.64,6670
30.83,4619
35.17,6321
14.86,1261
18.44,2881
20.43,5922
21.91,2388
59.62,1950
12.54,1772
61.34,1265
34.3,7690
46.38,5714
46.16,4396
64.42,578
68.41,49
36.4,6824
6.68,133
42.44,5366
10.66,2230
42.01,7663
52.14,3219
64.23,785
57.76,2196
34.46,5714
45.03,5260
14.37,1274
60.17,1811
58.21,2007
33.02,6039
13.75,1956
52.48,3332
29.72,4893
39.76,5471
26.9,4497
31.91,3425
54.5,3272
55.04,2812
31.5,6676
33.04,4820
55.98,3308
5.81,780
28.31,4873
26.76,6411
46.57,4930
62.75,1175
11.24,1390
25.79,3297
47.97,4697
62.97,1018
36.41,6257
20.62,3776
8.95,741
18.73,4071
54.2,3673
34.18,7026
39.67,5447
62.98,830
34.34,6131
69.86,2
39.52,6703
27.78,6005
11.0,1416
23.32,3893
38.37,7030
48.67,3598
42.15,5645
22.01,2961
44.88,4038
11.07,1744
31.11,7301
35.23,5585
6.95,780
12.27,2699
20.98,4008
49.05,4068
43.39,5401
65.68,353
51.6,3881
60.22,1692
25.15,4680
50.8,3610
64.64,617
43.69,3387
3.89,546
54.55,2392
69.77,5
67.53,119
40.78,5575
67.67,102
28.94,3969
42.69,4824
17.51,2684
10.79,475
48.12,3548
51.63,5355
60.58,1695
50.16,4829
30.34,7573
31.66,8989
42.02,5002
51.61,4872
33.65,9123
54.9,3518
16.78,1768
40.84,5989
17.29,2345
57.6,2390
28.46,6432
62.68,1009
46.31,4789
65.54,419
9.21,744
24.26,3948
9.33,718
5.51,1064
11.37,2306
48.33,4213
21.81,4571
53.06,3245
28.53,5962
47.93,5247
19.48,2170
50.15,5355
64.85,504
55.69,2846
39.06,4381
36.48,6038
48.29,5029
35.12,5351
60.16,1566
15.7,2056
37.51,6856
33.67,6341
30.6,5075
27.21,5783
49.14,4945
67.03,176
39.23,5395
46.18,5372
66.98,229
32.0,5802
48.62,4093
36.99,4899
57.1,2455
32.64,5377
47.13,4902
39.61,4716
52.79,3658
49.28,4117
10.49,1535
16.31,2946
41.66,6207
31.55,7059
63.2,833
54.32,2670
15.67,3978
44.65,6382
8.7,1482
53.2,3677
21.16,5003
68.98,24
49.67,4114
9.61,1093
18.6,4068
27.69,7378
28.14,5290
30.71,6417
65.89,277
53.97,2944
37.38,7077
69.41,12
19.46,3989
63.92,742
39.92,6832
17.2,3888
30.79,4654
43.26,5539
19.51,5465
66.8,263
41.39,5281
26.09,4321
47.89,4688
36.05,7745
50.4,3704
54.48,3122
42.25,6565
53.11,3105
11.82,929
38.61,5302
28.66,3510
36.93,6113
29.25,5201
48.2,5350
24.6,7127
45.61,4161
10.14,1680
37.96,3877
45.68,4396
39.8,6503
12.82,1334
51.79,3274
26.89,4146
54.02,3702
65.26,372
41.07,6972
69.39,16
30.39,5119
16.87,2569
37.05,5985
8.23,1116
27.4,4150
19.6,2884
26.91,6074
3.14,568
37.26,4580
25.61,2999
44.71,5060
26.5,5419
49.68,5367
57.98,1607
20.97,4369
42.79,5042
63.15,1168
22.25,6095
17.7,1448
43.15,6061
33.76,5445
35.0,5036
17.09,3803
15.55,2232
62.69,1103
27.05,5126
15.66,1636
47.87,5144
26.14,7352
20.21,2219
29.27,4230
3.8,578
45.89,5084
49.01,3762
44.92,5225
17.68,5522
36.08,6922
41.88,4918
39.11,6143
43.01,5668
19.44,3310
29.78,7064
9.64,962
41.34,7131
60.72,1455
9.16,119
29.24,5995
64.47,688
23.77,3949
66.3,301
69.04,14
37.47,6232
28.82,4965
30.4,5194
32.94,4880
53.01,3558
15.42,2036
33.95,6085
33.63,5528
40.47,6849
13.63,1295
43.63,4944
40.57,5844
68.53,42
28.51,2874
54.23,3247
6.32,1562
14.73,1471
20.92,5312
35.4,4933
25.13,4017
48.34,5840
34.81,9015
26.0,4489
40.51,4813
15.91,3901
38.06,8634
17.9,1888
55.18,2408
22.03,3429
41.8,8094
15.37,1653
20.69,2084
54.94,3506
18.75,2790
50.17,4448
50.87,4368
48.66,4059
28.95,3199
67.66,112
36.12,4087
39.6,5580
46.93,4554
31.25,5962
34.27,4248
49.11,4863
51.29,3821
13.08,1105
38.32,4977
24.27,3410
32.97,5210
15.51,2396
35.03,6540
11.7,900
40.81,5820
64.15,687
56.01,2361
67.87,128
12.41,892
13.21,1731
40.26,6774
33.68,6833
16.22,1610
57.8,2326
13.83,1728
16.37,3001
35.57,5846
17.78,772
65.91,415
49.74,3133
4.69,282
33.12,5786
17.86,3152
40.29,2962
5.23,556
63.03,1030
69.15,10
15.41,2068
41.21,4585
60.67,1403
18.37,3011
35.87,6012
63.79,693
66.96,156
59.64,1787
65.03,622
4.11,1104
44.01,5492
54.69,3441
27.81,3705
62.48,1207
5.47,536
37.7,6719
36.82,6768
11.97,2822
68.05,76
49.62,3533
43.08,4736
29.08,6258
33.96,3779
52.41,3787
63.08,896
53.37,3066
11.68,1792
40.96,4684
47.84,4748
56.22,2671
52.66,4231
61.64,1534
12.88,984
69.3,19
38.65,5508
8.71,1498
48.45,4401
63.97,782
33.89,4959
23.66,5766
27.27,6142
27.65,4633
32.42,4723
21.11,6610
27.43,4478
49.08,4680
57.99,2379
48.69,4977
35.6,5956
17.44,2612
26.93,5173
23.33,4751
16.0,3614
26.08,5532
48.36,3805
42.83,6472
56.97,2618
43.73,5976
60.55,1595
28.73,5836
50.27,3479
11.33,466
14.2,3344
27.45,3506
43.21,6491
50.58,4212
55.54,2636
64.27,650
39.28,6178
8.74,992
58.67,1784
22.67,4034
11.88,1485
23.42,3713
6.79,790
59.11,1648
14.18,4452
17.59,1532
37.29,6267
60.75,1638
19.71,2885
25.95,4419
55.59,3071
41.56,4348
69.98,1
36.02,6558
63.3,834
36.44,6519
12.75,442
41.95,6611
53.27,4673
26.11,6995
43.64,5496
45.72,4262
68.75,28
39.75,7232
66.7,228
42.32,4847
52.4,3259
56.8,1868
68.82,22
53.65,2916
7.01,1030
44.97,4285
54.22,3547
30.94,5362
66.85,236
32.8,7214
67.73,98
23.02,5138
52.85,3661
29.59,5733
31.17,4997
55.05,2996
7.06,130
45.9,5688
5.55,532
24.07,4705
13.05,2227
35.41,5874
50.24,4585
62.77,843
68.61,54
51.95,4525
14.57,1498
13.4,4834
52.16,3154
23.96,2308
41.94,4766
40.72,7001
14.68,2119
37.86,5077
58.44,1931
66.47,282
4.65,1106
13.0,662
53.05,4023
60.8,1574
68.3,52
34.68,10574
52.92,3521
52.38,3470
38.51,5192
69.11,13
26.71,5244
60.65,1742
48.93,5053
27.32,6428
7.07,518
68.72,36
20.27,3109
31.75,6077
61.54,1246
25.16,4018
12.11,1464
43.3,4929
63.07,1041
40.17,8214
69.55,5
48.99,4034
61.66,1098
69.82,5
32.32,5833
42.49,5886
40.15,7649
16.69,4712
30.06,3630
69.06,28
29.23,5776
60.95,1377
27.3,6202
19.89,4903
58.7,1899
61.27,1533
12.95,1003
9.79,962
7.51,1776
69.5,6
67.55,102
44.73,5126
47.09,5712
14.74,1458
55.13,3909
46.26,5143
37.09,4239
27.39,4707
55.09,3197
32.89,6957
28.08,6453
41.93,6445
32.35,5687
41.53,5188
50.97,4139
65.7,326
64.12,705
8.0,502
36.52,7847
57.62,2127
54.47,2654
18.53,2583
50.61,3483
65.23,392
24.78,4185
31.21,4450
64.41,771
66.81,216
25.89,5116
65.37,360
20.56,5080
37.34,5074
41.5,6271
22.44,2938
22.8,3881
24.24,6048
53.6,3814
65.83,293
53.74,3096
10.67,356
19.15,3100
18.68,4840
40.25,5647
30.32,6862
9.92,472
24.19,3673
23.81,3636
36.46,9808
43.16,5513
33.87,6198
35.98,5120
55.8,2493
31.89,5326
49.86,3499
57.85,2163
18.39,2268
45.29,4210
36.86,6788
50.76,3885
8.15,988
64.95,443
65.39,412
43.89,6775
51.99,3960
12.85,1104
55.86,2979
8.38,1006
15.18,2074
67.22,189
39.93,5469
10.08,2265
24.63,3381
23.55,4190
64.44,633
29.64,2631
48.49,4319
9.29,365
44.3,7221
69.81,2
13.81,1598
63.96,699
15.39,1251
64.76,640
10.1,2038
36.31,6271
55.83,2605
55.42,2890
35.33,6334
32.01,6330
54.87,3043
24.23,8090
24.57,3860
51.57,3774
54.98,3523
70.0,1
56.66,2555
66.4,338
13.53,2384
17.18,1545
29.29,5447
9.62,470
23.62,3592
43.77,7115
44.11,5304
20.37,4879
30.41,5556
38.96,5606
54.36,3020
18.87,2567
44.29,4615
32.79,7040
62.85,936
36.13,6784
60.24,1635
69.64,5
30.57,5845
25.97,4985
58.4,1951
56.74,2588
61.56,1155
